

=== Início da execução: 2025-10-06 08:50:19 ===
[2025-10-06 08:50:19] 🧠 Orquestrador iniciado.
[2025-10-06 08:50:19] 🌐 Iniciando API (Uvicorn)...
[2025-10-06 08:50:19] 📊 Iniciando Dashboard (Streamlit)...
[2025-10-06 08:50:19] 🚀 Iniciando ciclo ETL (Extract → Transform → Train → Predict)...
[2025-10-06 08:50:19] ➡️  Extract: C:\Users\web.atendimento\AppData\Local\Programs\Python\Python313\python.exe C:\Users\web.atendimento\crypto_tech\etl\extract.py
[2025-10-06 08:50:27] 🌍 Abrindo navegador (Dashboard + API)...


=== Início da execução: 2025-10-06 09:47:01 ===
[2025-10-06 09:47:01] 🧠 Orquestrador iniciado.
[2025-10-06 09:47:01] 🌐 Iniciando API (Uvicorn)...
[2025-10-06 09:47:01] 📊 Iniciando Dashboard (Streamlit)...
[2025-10-06 09:47:01] 🚀 Iniciando ciclo ETL (Extract → Transform → Train → Predict)...
[2025-10-06 09:47:01] ➡️  Extract: C:\Users\web.atendimento\AppData\Local\Programs\Python\Python313\python.exe C:\Users\web.atendimento\crypto_tech\etl\extract.py
   [2025-10-06 09:47:02.298004] Iniciando extração única...
   [2025-10-06 09:47:02.983758] Dados salvos com sucesso.
[2025-10-06 09:47:03] ✅ Extract concluído com sucesso.
[2025-10-06 09:47:03] ➡️  Transform: C:\Users\web.atendimento\AppData\Local\Programs\Python\Python313\python.exe C:\Users\web.atendimento\crypto_tech\etl\transform.py
   Traceback (most recent call last):
     File "C:\Users\web.atendimento\crypto_tech\etl\transform.py", line 66, in <module>
       run()
       ~~~^^
     File "C:\Users\web.atendimento\crypto_tech\etl\transform.py", line 63, in run
       save_features(df_feat)
       ~~~~~~~~~~~~~^^^^^^^^^
     File "C:\Users\web.atendimento\crypto_tech\etl\transform.py", line 48, in save_features
       print(f"[{datetime.now()}] \u2705 Features salvas em: {SAVE_PATH}")
       ~~~~~^^^^^^^^^^^^^^^^^^^^^^^^^^^^^^^^^^^^^^^^^^^^^^^^^^^^^^^^^^
     File "C:\Users\web.atendimento\AppData\Local\Programs\Python\Python313\Lib\encodings\cp1252.py", line 19, in encode
       return codecs.charmap_encode(input,self.errors,encoding_table)[0]
              ~~~~~~~~~~~~~~~~~~~~~^^^^^^^^^^^^^^^^^^^^^^^^^^^^^^^^^^
   UnicodeEncodeError: 'charmap' codec can't encode character '\u2705' in position 29: character maps to <undefined>
[2025-10-06 09:47:04] ❌ Transform falhou (exit=1).
[2025-10-06 09:47:09] 🌍 Abrindo navegador (Dashboard + API)...
[2025-10-06 09:47:34] 🚀 Iniciando ciclo ETL (Extract → Transform → Train → Predict)...
[2025-10-06 09:47:34] ➡️  Extract: C:\Users\web.atendimento\AppData\Local\Programs\Python\Python313\python.exe C:\Users\web.atendimento\crypto_tech\etl\extract.py
   [2025-10-06 09:47:35.193393] Iniciando extração única...
   [2025-10-06 09:47:35.563286] Dados salvos com sucesso.
[2025-10-06 09:47:35] ✅ Extract concluído com sucesso.
[2025-10-06 09:47:35] ➡️  Transform: C:\Users\web.atendimento\AppData\Local\Programs\Python\Python313\python.exe C:\Users\web.atendimento\crypto_tech\etl\transform.py
   Traceback (most recent call last):
     File "C:\Users\web.atendimento\crypto_tech\etl\transform.py", line 66, in <module>
       run()
       ~~~^^
     File "C:\Users\web.atendimento\crypto_tech\etl\transform.py", line 63, in run
       save_features(df_feat)
       ~~~~~~~~~~~~~^^^^^^^^^
     File "C:\Users\web.atendimento\crypto_tech\etl\transform.py", line 48, in save_features
       print(f"[{datetime.now()}] \u2705 Features salvas em: {SAVE_PATH}")
       ~~~~~^^^^^^^^^^^^^^^^^^^^^^^^^^^^^^^^^^^^^^^^^^^^^^^^^^^^^^^^^^
     File "C:\Users\web.atendimento\AppData\Local\Programs\Python\Python313\Lib\encodings\cp1252.py", line 19, in encode
       return codecs.charmap_encode(input,self.errors,encoding_table)[0]
              ~~~~~~~~~~~~~~~~~~~~~^^^^^^^^^^^^^^^^^^^^^^^^^^^^^^^^^^
   UnicodeEncodeError: 'charmap' codec can't encode character '\u2705' in position 29: character maps to <undefined>
[2025-10-06 09:47:36] ❌ Transform falhou (exit=1).


=== Início da execução: 2025-10-06 10:20:46 ===
[2025-10-06 10:20:46] 🧠 Orquestrador iniciado.
[2025-10-06 10:20:46] 🌐 Iniciando API (Uvicorn)...
[2025-10-06 10:20:46] 📊 Iniciando Dashboard (Streamlit)...
[2025-10-06 10:20:46] 🚀 Iniciando ciclo ETL (Extract → Transform → Train → Predict)...
[2025-10-06 10:20:46] ➡️  Extract: C:\Users\web.atendimento\AppData\Local\Programs\Python\Python313\python.exe C:\Users\web.atendimento\crypto_tech\etl\extract.py
   [2025-10-06 10:20:46.521412] Iniciando extração única...
   [2025-10-06 10:20:47.143628] Dados salvos com sucesso.
[2025-10-06 10:20:47] ✅ Extract concluído com sucesso.
[2025-10-06 10:20:47] ➡️  Transform: C:\Users\web.atendimento\AppData\Local\Programs\Python\Python313\python.exe C:\Users\web.atendimento\crypto_tech\etl\transform.py
   [2025-10-06 10:20:48.074403] Features salvas com sucesso em: data/processed/crypto_features.parquet
   Total de registros: 2670
   Primeira data: 2025-10-01 00:11:50+00:00 | Última data: 2025-10-06 12:47:35+00:00
[2025-10-06 10:20:48] ✅ Transform concluído com sucesso.
[2025-10-06 10:20:48] 📦 Features atualizadas: 2025-10-06 10:20:48
[2025-10-06 10:20:48] ➡️  Train: C:\Users\web.atendimento\AppData\Local\Programs\Python\Python313\python.exe C:\Users\web.atendimento\crypto_tech\model\train.py
   
   [2025-10-06 10:20:50.418156] Iniciando treinamento...
   Total de registros no dataset: 2670
   Moedas disponíveis: ['btc', 'ada', 'eth', 'ltc', 'xrp', 'sol']
   
   [2025-10-06 10:20:50.700913] Modelo treinado para BTC
   Registros totais usados: 445
   Traceback (most recent call last):
     File "C:\Users\web.atendimento\crypto_tech\model\train.py", line 73, in <module>
       run()
       ~~~^^
     File "C:\Users\web.atendimento\crypto_tech\model\train.py", line 70, in run
       train_for_symbol(df, symbol)
       ~~~~~~~~~~~~~~~~^^^^^^^^^^^^
     File "C:\Users\web.atendimento\crypto_tech\model\train.py", line 44, in train_for_symbol
       print(f"Período: {df['timestamp'].min()} \u2192 {df['timestamp'].max()}")
       ~~~~~^^^^^^^^^^^^^^^^^^^^^^^^^^^^^^^^^^^^^^^^^^^^^^^^^^^^^^^^^^^^^^^
     File "C:\Users\web.atendimento\AppData\Local\Programs\Python\Python313\Lib\encodings\cp1252.py", line 19, in encode
       return codecs.charmap_encode(input,self.errors,encoding_table)[0]
              ~~~~~~~~~~~~~~~~~~~~~^^^^^^^^^^^^^^^^^^^^^^^^^^^^^^^^^^
   UnicodeEncodeError: 'charmap' codec can't encode character '\u2192' in position 35: character maps to <undefined>
[2025-10-06 10:20:50] ❌ Train falhou (exit=1).
[2025-10-06 10:20:54] 🌍 Abrindo navegador (Dashboard + API)...
[2025-10-06 10:21:20] 🚀 Iniciando ciclo ETL (Extract → Transform → Train → Predict)...
[2025-10-06 10:21:20] ➡️  Extract: C:\Users\web.atendimento\AppData\Local\Programs\Python\Python313\python.exe C:\Users\web.atendimento\crypto_tech\etl\extract.py
   [2025-10-06 10:21:21.203813] Iniciando extração única...
   [2025-10-06 10:21:21.510675] Dados salvos com sucesso.
[2025-10-06 10:21:21] ✅ Extract concluído com sucesso.
[2025-10-06 10:21:21] ➡️  Transform: C:\Users\web.atendimento\AppData\Local\Programs\Python\Python313\python.exe C:\Users\web.atendimento\crypto_tech\etl\transform.py
   [2025-10-06 10:21:22.215233] Features salvas com sucesso em: data/processed/crypto_features.parquet
   Total de registros: 2676
   Primeira data: 2025-10-01 00:11:50+00:00 | Última data: 2025-10-06 13:20:47+00:00
[2025-10-06 10:21:22] ✅ Transform concluído com sucesso.
[2025-10-06 10:21:22] 📦 Features atualizadas: 2025-10-06 10:21:22
[2025-10-06 10:21:22] ➡️  Train: C:\Users\web.atendimento\AppData\Local\Programs\Python\Python313\python.exe C:\Users\web.atendimento\crypto_tech\model\train.py
   
   [2025-10-06 10:21:24.051966] Iniciando treinamento...
   Total de registros no dataset: 2676
   Moedas disponíveis: ['btc', 'ada', 'eth', 'ltc', 'xrp', 'sol']
   
   [2025-10-06 10:21:24.355132] Modelo treinado para BTC
   Registros totais usados: 446
   Traceback (most recent call last):
     File "C:\Users\web.atendimento\crypto_tech\model\train.py", line 73, in <module>
       run()
       ~~~^^
     File "C:\Users\web.atendimento\crypto_tech\model\train.py", line 70, in run
       train_for_symbol(df, symbol)
       ~~~~~~~~~~~~~~~~^^^^^^^^^^^^
     File "C:\Users\web.atendimento\crypto_tech\model\train.py", line 44, in train_for_symbol
       print(f"Período: {df['timestamp'].min()} \u2192 {df['timestamp'].max()}")
       ~~~~~^^^^^^^^^^^^^^^^^^^^^^^^^^^^^^^^^^^^^^^^^^^^^^^^^^^^^^^^^^^^^^^
     File "C:\Users\web.atendimento\AppData\Local\Programs\Python\Python313\Lib\encodings\cp1252.py", line 19, in encode
       return codecs.charmap_encode(input,self.errors,encoding_table)[0]
              ~~~~~~~~~~~~~~~~~~~~~^^^^^^^^^^^^^^^^^^^^^^^^^^^^^^^^^^
   UnicodeEncodeError: 'charmap' codec can't encode character '\u2192' in position 35: character maps to <undefined>
[2025-10-06 10:21:24] ❌ Train falhou (exit=1).
[2025-10-06 10:21:54] 🚀 Iniciando ciclo ETL (Extract → Transform → Train → Predict)...
[2025-10-06 10:21:54] ➡️  Extract: C:\Users\web.atendimento\AppData\Local\Programs\Python\Python313\python.exe C:\Users\web.atendimento\crypto_tech\etl\extract.py
   [2025-10-06 10:21:54.912964] Iniciando extração única...
   [2025-10-06 10:21:55.477046] Dados salvos com sucesso.
[2025-10-06 10:21:55] ✅ Extract concluído com sucesso.
[2025-10-06 10:21:55] ➡️  Transform: C:\Users\web.atendimento\AppData\Local\Programs\Python\Python313\python.exe C:\Users\web.atendimento\crypto_tech\etl\transform.py
   [2025-10-06 10:21:56.517377] Features salvas com sucesso em: data/processed/crypto_features.parquet
   Total de registros: 2682
   Primeira data: 2025-10-01 00:11:50+00:00 | Última data: 2025-10-06 13:21:21+00:00
[2025-10-06 10:21:56] ✅ Transform concluído com sucesso.
[2025-10-06 10:21:56] 📦 Features atualizadas: 2025-10-06 10:21:56
[2025-10-06 10:21:56] ➡️  Train: C:\Users\web.atendimento\AppData\Local\Programs\Python\Python313\python.exe C:\Users\web.atendimento\crypto_tech\model\train.py
   
   [2025-10-06 10:21:59.020846] Iniciando treinamento...
   Total de registros no dataset: 2682
   Moedas disponíveis: ['btc', 'ada', 'eth', 'ltc', 'xrp', 'sol']
   
   [2025-10-06 10:21:59.318964] Modelo treinado para BTC
   Registros totais usados: 447
   Traceback (most recent call last):
     File "C:\Users\web.atendimento\crypto_tech\model\train.py", line 73, in <module>
       run()
       ~~~^^
     File "C:\Users\web.atendimento\crypto_tech\model\train.py", line 70, in run
       train_for_symbol(df, symbol)
       ~~~~~~~~~~~~~~~~^^^^^^^^^^^^
     File "C:\Users\web.atendimento\crypto_tech\model\train.py", line 44, in train_for_symbol
       print(f"Período: {df['timestamp'].min()} \u2192 {df['timestamp'].max()}")
       ~~~~~^^^^^^^^^^^^^^^^^^^^^^^^^^^^^^^^^^^^^^^^^^^^^^^^^^^^^^^^^^^^^^^
     File "C:\Users\web.atendimento\AppData\Local\Programs\Python\Python313\Lib\encodings\cp1252.py", line 19, in encode
       return codecs.charmap_encode(input,self.errors,encoding_table)[0]
              ~~~~~~~~~~~~~~~~~~~~~^^^^^^^^^^^^^^^^^^^^^^^^^^^^^^^^^^
   UnicodeEncodeError: 'charmap' codec can't encode character '\u2192' in position 35: character maps to <undefined>
[2025-10-06 10:21:59] ❌ Train falhou (exit=1).
[2025-10-06 10:22:29] 🚀 Iniciando ciclo ETL (Extract → Transform → Train → Predict)...
[2025-10-06 10:22:29] ➡️  Extract: C:\Users\web.atendimento\AppData\Local\Programs\Python\Python313\python.exe C:\Users\web.atendimento\crypto_tech\etl\extract.py
   [2025-10-06 10:22:29.991858] Iniciando extração única...
   [2025-10-06 10:22:30.358440] Dados salvos com sucesso.
[2025-10-06 10:22:30] ✅ Extract concluído com sucesso.
[2025-10-06 10:22:30] ➡️  Transform: C:\Users\web.atendimento\AppData\Local\Programs\Python\Python313\python.exe C:\Users\web.atendimento\crypto_tech\etl\transform.py
   [2025-10-06 10:22:31.167104] Features salvas com sucesso em: data/processed/crypto_features.parquet
   Total de registros: 2688
   Primeira data: 2025-10-01 00:11:50+00:00 | Última data: 2025-10-06 13:21:55+00:00
[2025-10-06 10:22:31] ✅ Transform concluído com sucesso.
[2025-10-06 10:22:31] 📦 Features atualizadas: 2025-10-06 10:22:31
[2025-10-06 10:22:31] ➡️  Train: C:\Users\web.atendimento\AppData\Local\Programs\Python\Python313\python.exe C:\Users\web.atendimento\crypto_tech\model\train.py
   
   [2025-10-06 10:22:32.904307] Iniciando treinamento...
   Total de registros no dataset: 2688
   Moedas disponíveis: ['btc', 'ada', 'eth', 'ltc', 'xrp', 'sol']
   
   [2025-10-06 10:22:33.129189] Modelo treinado para BTC
   Registros totais usados: 448
   Traceback (most recent call last):
     File "C:\Users\web.atendimento\crypto_tech\model\train.py", line 73, in <module>
       run()
       ~~~^^
     File "C:\Users\web.atendimento\crypto_tech\model\train.py", line 70, in run
       train_for_symbol(df, symbol)
       ~~~~~~~~~~~~~~~~^^^^^^^^^^^^
     File "C:\Users\web.atendimento\crypto_tech\model\train.py", line 44, in train_for_symbol
       print(f"Período: {df['timestamp'].min()} \u2192 {df['timestamp'].max()}")
       ~~~~~^^^^^^^^^^^^^^^^^^^^^^^^^^^^^^^^^^^^^^^^^^^^^^^^^^^^^^^^^^^^^^^
     File "C:\Users\web.atendimento\AppData\Local\Programs\Python\Python313\Lib\encodings\cp1252.py", line 19, in encode
       return codecs.charmap_encode(input,self.errors,encoding_table)[0]
              ~~~~~~~~~~~~~~~~~~~~~^^^^^^^^^^^^^^^^^^^^^^^^^^^^^^^^^^
   UnicodeEncodeError: 'charmap' codec can't encode character '\u2192' in position 35: character maps to <undefined>
[2025-10-06 10:22:33] ❌ Train falhou (exit=1).
[2025-10-06 10:23:03] 🚀 Iniciando ciclo ETL (Extract → Transform → Train → Predict)...
[2025-10-06 10:23:03] ➡️  Extract: C:\Users\web.atendimento\AppData\Local\Programs\Python\Python313\python.exe C:\Users\web.atendimento\crypto_tech\etl\extract.py
   [2025-10-06 10:23:03.570765] Iniciando extração única...
   [2025-10-06 10:23:04.039819] Dados salvos com sucesso.
[2025-10-06 10:23:04] ✅ Extract concluído com sucesso.
[2025-10-06 10:23:04] ➡️  Transform: C:\Users\web.atendimento\AppData\Local\Programs\Python\Python313\python.exe C:\Users\web.atendimento\crypto_tech\etl\transform.py
   [2025-10-06 10:23:04.729153] Features salvas com sucesso em: data/processed/crypto_features.parquet
   Total de registros: 2694
   Primeira data: 2025-10-01 00:11:50+00:00 | Última data: 2025-10-06 13:22:30+00:00
[2025-10-06 10:23:04] ✅ Transform concluído com sucesso.
[2025-10-06 10:23:04] 📦 Features atualizadas: 2025-10-06 10:23:04
[2025-10-06 10:23:04] ➡️  Train: C:\Users\web.atendimento\AppData\Local\Programs\Python\Python313\python.exe C:\Users\web.atendimento\crypto_tech\model\train.py
   
   [2025-10-06 10:23:06.346252] Iniciando treinamento...
   Total de registros no dataset: 2694
   Moedas disponíveis: ['btc', 'ada', 'eth', 'ltc', 'xrp', 'sol']
   
   [2025-10-06 10:23:06.566464] Modelo treinado para BTC
   Registros totais usados: 449
   Traceback (most recent call last):
     File "C:\Users\web.atendimento\crypto_tech\model\train.py", line 73, in <module>
       run()
       ~~~^^
     File "C:\Users\web.atendimento\crypto_tech\model\train.py", line 70, in run
       train_for_symbol(df, symbol)
       ~~~~~~~~~~~~~~~~^^^^^^^^^^^^
     File "C:\Users\web.atendimento\crypto_tech\model\train.py", line 44, in train_for_symbol
       print(f"Período: {df['timestamp'].min()} \u2192 {df['timestamp'].max()}")
       ~~~~~^^^^^^^^^^^^^^^^^^^^^^^^^^^^^^^^^^^^^^^^^^^^^^^^^^^^^^^^^^^^^^^
     File "C:\Users\web.atendimento\AppData\Local\Programs\Python\Python313\Lib\encodings\cp1252.py", line 19, in encode
       return codecs.charmap_encode(input,self.errors,encoding_table)[0]
              ~~~~~~~~~~~~~~~~~~~~~^^^^^^^^^^^^^^^^^^^^^^^^^^^^^^^^^^
   UnicodeEncodeError: 'charmap' codec can't encode character '\u2192' in position 35: character maps to <undefined>
[2025-10-06 10:23:06] ❌ Train falhou (exit=1).
[2025-10-06 10:23:36] 🚀 Iniciando ciclo ETL (Extract → Transform → Train → Predict)...
[2025-10-06 10:23:36] ➡️  Extract: C:\Users\web.atendimento\AppData\Local\Programs\Python\Python313\python.exe C:\Users\web.atendimento\crypto_tech\etl\extract.py
   [2025-10-06 10:23:36.998292] Iniciando extração única...
   [2025-10-06 10:23:37.288154] Dados salvos com sucesso.
[2025-10-06 10:23:37] ✅ Extract concluído com sucesso.
[2025-10-06 10:23:37] ➡️  Transform: C:\Users\web.atendimento\AppData\Local\Programs\Python\Python313\python.exe C:\Users\web.atendimento\crypto_tech\etl\transform.py
   [2025-10-06 10:23:37.957644] Features salvas com sucesso em: data/processed/crypto_features.parquet
   Total de registros: 2700
   Primeira data: 2025-10-01 00:11:50+00:00 | Última data: 2025-10-06 13:23:04+00:00
[2025-10-06 10:23:38] ✅ Transform concluído com sucesso.
[2025-10-06 10:23:38] 📦 Features atualizadas: 2025-10-06 10:23:37
[2025-10-06 10:23:38] ➡️  Train: C:\Users\web.atendimento\AppData\Local\Programs\Python\Python313\python.exe C:\Users\web.atendimento\crypto_tech\model\train.py
   
   [2025-10-06 10:23:39.626305] Iniciando treinamento...
   Total de registros no dataset: 2700
   Moedas disponíveis: ['btc', 'ada', 'eth', 'ltc', 'xrp', 'sol']
   
   [2025-10-06 10:23:39.847343] Modelo treinado para BTC
   Registros totais usados: 450
   Traceback (most recent call last):
     File "C:\Users\web.atendimento\crypto_tech\model\train.py", line 73, in <module>
       run()
       ~~~^^
     File "C:\Users\web.atendimento\crypto_tech\model\train.py", line 70, in run
       train_for_symbol(df, symbol)
       ~~~~~~~~~~~~~~~~^^^^^^^^^^^^
     File "C:\Users\web.atendimento\crypto_tech\model\train.py", line 44, in train_for_symbol
       print(f"Período: {df['timestamp'].min()} \u2192 {df['timestamp'].max()}")
       ~~~~~^^^^^^^^^^^^^^^^^^^^^^^^^^^^^^^^^^^^^^^^^^^^^^^^^^^^^^^^^^^^^^^
     File "C:\Users\web.atendimento\AppData\Local\Programs\Python\Python313\Lib\encodings\cp1252.py", line 19, in encode
       return codecs.charmap_encode(input,self.errors,encoding_table)[0]
              ~~~~~~~~~~~~~~~~~~~~~^^^^^^^^^^^^^^^^^^^^^^^^^^^^^^^^^^
   UnicodeEncodeError: 'charmap' codec can't encode character '\u2192' in position 35: character maps to <undefined>
[2025-10-06 10:23:40] ❌ Train falhou (exit=1).
[2025-10-06 10:24:10] 🚀 Iniciando ciclo ETL (Extract → Transform → Train → Predict)...
[2025-10-06 10:24:10] ➡️  Extract: C:\Users\web.atendimento\AppData\Local\Programs\Python\Python313\python.exe C:\Users\web.atendimento\crypto_tech\etl\extract.py
   [2025-10-06 10:24:10.333806] Iniciando extração única...
   [2025-10-06 10:24:10.812268] Dados salvos com sucesso.
[2025-10-06 10:24:10] ✅ Extract concluído com sucesso.
[2025-10-06 10:24:10] ➡️  Transform: C:\Users\web.atendimento\AppData\Local\Programs\Python\Python313\python.exe C:\Users\web.atendimento\crypto_tech\etl\transform.py
   [2025-10-06 10:24:11.475323] Features salvas com sucesso em: data/processed/crypto_features.parquet
   Total de registros: 2706
   Primeira data: 2025-10-01 00:11:50+00:00 | Última data: 2025-10-06 13:23:37+00:00
[2025-10-06 10:24:11] ✅ Transform concluído com sucesso.
[2025-10-06 10:24:11] 📦 Features atualizadas: 2025-10-06 10:24:11
[2025-10-06 10:24:11] ➡️  Train: C:\Users\web.atendimento\AppData\Local\Programs\Python\Python313\python.exe C:\Users\web.atendimento\crypto_tech\model\train.py
   
   [2025-10-06 10:24:13.111490] Iniciando treinamento...
   Total de registros no dataset: 2706
   Moedas disponíveis: ['btc', 'ada', 'eth', 'ltc', 'xrp', 'sol']
   
   [2025-10-06 10:24:13.333014] Modelo treinado para BTC
   Registros totais usados: 451
   Traceback (most recent call last):
     File "C:\Users\web.atendimento\crypto_tech\model\train.py", line 73, in <module>
       run()
       ~~~^^
     File "C:\Users\web.atendimento\crypto_tech\model\train.py", line 70, in run
       train_for_symbol(df, symbol)
       ~~~~~~~~~~~~~~~~^^^^^^^^^^^^
     File "C:\Users\web.atendimento\crypto_tech\model\train.py", line 44, in train_for_symbol
       print(f"Período: {df['timestamp'].min()} \u2192 {df['timestamp'].max()}")
       ~~~~~^^^^^^^^^^^^^^^^^^^^^^^^^^^^^^^^^^^^^^^^^^^^^^^^^^^^^^^^^^^^^^^
     File "C:\Users\web.atendimento\AppData\Local\Programs\Python\Python313\Lib\encodings\cp1252.py", line 19, in encode
       return codecs.charmap_encode(input,self.errors,encoding_table)[0]
              ~~~~~~~~~~~~~~~~~~~~~^^^^^^^^^^^^^^^^^^^^^^^^^^^^^^^^^^
   UnicodeEncodeError: 'charmap' codec can't encode character '\u2192' in position 35: character maps to <undefined>
[2025-10-06 10:24:13] ❌ Train falhou (exit=1).
[2025-10-06 10:24:43] 🚀 Iniciando ciclo ETL (Extract → Transform → Train → Predict)...
[2025-10-06 10:24:43] ➡️  Extract: C:\Users\web.atendimento\AppData\Local\Programs\Python\Python313\python.exe C:\Users\web.atendimento\crypto_tech\etl\extract.py
   [2025-10-06 10:24:43.763884] Iniciando extração única...
   [2025-10-06 10:24:44.059967] Dados salvos com sucesso.
[2025-10-06 10:24:44] ✅ Extract concluído com sucesso.
[2025-10-06 10:24:44] ➡️  Transform: C:\Users\web.atendimento\AppData\Local\Programs\Python\Python313\python.exe C:\Users\web.atendimento\crypto_tech\etl\transform.py
   [2025-10-06 10:24:44.738948] Features salvas com sucesso em: data/processed/crypto_features.parquet
   Total de registros: 2712
   Primeira data: 2025-10-01 00:11:50+00:00 | Última data: 2025-10-06 13:24:10+00:00
[2025-10-06 10:24:44] ✅ Transform concluído com sucesso.
[2025-10-06 10:24:44] 📦 Features atualizadas: 2025-10-06 10:24:44
[2025-10-06 10:24:44] ➡️  Train: C:\Users\web.atendimento\AppData\Local\Programs\Python\Python313\python.exe C:\Users\web.atendimento\crypto_tech\model\train.py
   
   [2025-10-06 10:24:46.392975] Iniciando treinamento...
   Total de registros no dataset: 2712
   Moedas disponíveis: ['btc', 'ada', 'eth', 'ltc', 'xrp', 'sol']
   
   [2025-10-06 10:24:46.616084] Modelo treinado para BTC
   Registros totais usados: 452
   Traceback (most recent call last):
     File "C:\Users\web.atendimento\crypto_tech\model\train.py", line 73, in <module>
       run()
       ~~~^^
     File "C:\Users\web.atendimento\crypto_tech\model\train.py", line 70, in run
       train_for_symbol(df, symbol)
       ~~~~~~~~~~~~~~~~^^^^^^^^^^^^
     File "C:\Users\web.atendimento\crypto_tech\model\train.py", line 44, in train_for_symbol
       print(f"Período: {df['timestamp'].min()} \u2192 {df['timestamp'].max()}")
       ~~~~~^^^^^^^^^^^^^^^^^^^^^^^^^^^^^^^^^^^^^^^^^^^^^^^^^^^^^^^^^^^^^^^
     File "C:\Users\web.atendimento\AppData\Local\Programs\Python\Python313\Lib\encodings\cp1252.py", line 19, in encode
       return codecs.charmap_encode(input,self.errors,encoding_table)[0]
              ~~~~~~~~~~~~~~~~~~~~~^^^^^^^^^^^^^^^^^^^^^^^^^^^^^^^^^^
   UnicodeEncodeError: 'charmap' codec can't encode character '\u2192' in position 35: character maps to <undefined>
[2025-10-06 10:24:46] ❌ Train falhou (exit=1).
[2025-10-06 10:25:16] 🚀 Iniciando ciclo ETL (Extract → Transform → Train → Predict)...
[2025-10-06 10:25:16] ➡️  Extract: C:\Users\web.atendimento\AppData\Local\Programs\Python\Python313\python.exe C:\Users\web.atendimento\crypto_tech\etl\extract.py
   [2025-10-06 10:25:17.053471] Iniciando extração única...
   [2025-10-06 10:25:17.525896] Dados salvos com sucesso.
[2025-10-06 10:25:17] ✅ Extract concluído com sucesso.
[2025-10-06 10:25:17] ➡️  Transform: C:\Users\web.atendimento\AppData\Local\Programs\Python\Python313\python.exe C:\Users\web.atendimento\crypto_tech\etl\transform.py
   [2025-10-06 10:25:18.207809] Features salvas com sucesso em: data/processed/crypto_features.parquet
   Total de registros: 2718
   Primeira data: 2025-10-01 00:11:50+00:00 | Última data: 2025-10-06 13:24:44+00:00
[2025-10-06 10:25:18] ✅ Transform concluído com sucesso.
[2025-10-06 10:25:18] 📦 Features atualizadas: 2025-10-06 10:25:18
[2025-10-06 10:25:18] ➡️  Train: C:\Users\web.atendimento\AppData\Local\Programs\Python\Python313\python.exe C:\Users\web.atendimento\crypto_tech\model\train.py
   
   [2025-10-06 10:25:19.831097] Iniciando treinamento...
   Total de registros no dataset: 2718
   Moedas disponíveis: ['btc', 'ada', 'eth', 'ltc', 'xrp', 'sol']
   
   [2025-10-06 10:25:20.057860] Modelo treinado para BTC
   Registros totais usados: 453
   Traceback (most recent call last):
     File "C:\Users\web.atendimento\crypto_tech\model\train.py", line 73, in <module>
       run()
       ~~~^^
     File "C:\Users\web.atendimento\crypto_tech\model\train.py", line 70, in run
       train_for_symbol(df, symbol)
       ~~~~~~~~~~~~~~~~^^^^^^^^^^^^
     File "C:\Users\web.atendimento\crypto_tech\model\train.py", line 44, in train_for_symbol
       print(f"Período: {df['timestamp'].min()} \u2192 {df['timestamp'].max()}")
       ~~~~~^^^^^^^^^^^^^^^^^^^^^^^^^^^^^^^^^^^^^^^^^^^^^^^^^^^^^^^^^^^^^^^
     File "C:\Users\web.atendimento\AppData\Local\Programs\Python\Python313\Lib\encodings\cp1252.py", line 19, in encode
       return codecs.charmap_encode(input,self.errors,encoding_table)[0]
              ~~~~~~~~~~~~~~~~~~~~~^^^^^^^^^^^^^^^^^^^^^^^^^^^^^^^^^^
   UnicodeEncodeError: 'charmap' codec can't encode character '\u2192' in position 35: character maps to <undefined>
[2025-10-06 10:25:20] ❌ Train falhou (exit=1).
[2025-10-06 10:25:50] 🚀 Iniciando ciclo ETL (Extract → Transform → Train → Predict)...
[2025-10-06 10:25:50] ➡️  Extract: C:\Users\web.atendimento\AppData\Local\Programs\Python\Python313\python.exe C:\Users\web.atendimento\crypto_tech\etl\extract.py
   [2025-10-06 10:25:50.507725] Iniciando extração única...
   [2025-10-06 10:25:50.836714] Dados salvos com sucesso.
[2025-10-06 10:25:50] ✅ Extract concluído com sucesso.
[2025-10-06 10:25:50] ➡️  Transform: C:\Users\web.atendimento\AppData\Local\Programs\Python\Python313\python.exe C:\Users\web.atendimento\crypto_tech\etl\transform.py
   [2025-10-06 10:25:51.566577] Features salvas com sucesso em: data/processed/crypto_features.parquet
   Total de registros: 2724
   Primeira data: 2025-10-01 00:11:50+00:00 | Última data: 2025-10-06 13:25:17+00:00
[2025-10-06 10:25:51] ✅ Transform concluído com sucesso.
[2025-10-06 10:25:51] 📦 Features atualizadas: 2025-10-06 10:25:51
[2025-10-06 10:25:51] ➡️  Train: C:\Users\web.atendimento\AppData\Local\Programs\Python\Python313\python.exe C:\Users\web.atendimento\crypto_tech\model\train.py
   
   [2025-10-06 10:25:53.305523] Iniciando treinamento...
   Total de registros no dataset: 2724
   Moedas disponíveis: ['btc', 'ada', 'eth', 'ltc', 'xrp', 'sol']
   
   [2025-10-06 10:25:53.574359] Modelo treinado para BTC
   Registros totais usados: 454
   Traceback (most recent call last):
     File "C:\Users\web.atendimento\crypto_tech\model\train.py", line 73, in <module>
       run()
       ~~~^^
     File "C:\Users\web.atendimento\crypto_tech\model\train.py", line 70, in run
       train_for_symbol(df, symbol)
       ~~~~~~~~~~~~~~~~^^^^^^^^^^^^
     File "C:\Users\web.atendimento\crypto_tech\model\train.py", line 44, in train_for_symbol
       print(f"Período: {df['timestamp'].min()} \u2192 {df['timestamp'].max()}")
       ~~~~~^^^^^^^^^^^^^^^^^^^^^^^^^^^^^^^^^^^^^^^^^^^^^^^^^^^^^^^^^^^^^^^
     File "C:\Users\web.atendimento\AppData\Local\Programs\Python\Python313\Lib\encodings\cp1252.py", line 19, in encode
       return codecs.charmap_encode(input,self.errors,encoding_table)[0]
              ~~~~~~~~~~~~~~~~~~~~~^^^^^^^^^^^^^^^^^^^^^^^^^^^^^^^^^^
   UnicodeEncodeError: 'charmap' codec can't encode character '\u2192' in position 35: character maps to <undefined>
[2025-10-06 10:25:53] ❌ Train falhou (exit=1).
[2025-10-06 10:26:23] 🚀 Iniciando ciclo ETL (Extract → Transform → Train → Predict)...
[2025-10-06 10:26:23] ➡️  Extract: C:\Users\web.atendimento\AppData\Local\Programs\Python\Python313\python.exe C:\Users\web.atendimento\crypto_tech\etl\extract.py
   [2025-10-06 10:26:24.008157] Iniciando extração única...
   [2025-10-06 10:26:24.495665] Dados salvos com sucesso.
[2025-10-06 10:26:24] ✅ Extract concluído com sucesso.
[2025-10-06 10:26:24] ➡️  Transform: C:\Users\web.atendimento\AppData\Local\Programs\Python\Python313\python.exe C:\Users\web.atendimento\crypto_tech\etl\transform.py
   [2025-10-06 10:26:25.226383] Features salvas com sucesso em: data/processed/crypto_features.parquet
   Total de registros: 2730
   Primeira data: 2025-10-01 00:11:50+00:00 | Última data: 2025-10-06 13:25:50+00:00
[2025-10-06 10:26:25] ✅ Transform concluído com sucesso.
[2025-10-06 10:26:25] 📦 Features atualizadas: 2025-10-06 10:26:25
[2025-10-06 10:26:25] ➡️  Train: C:\Users\web.atendimento\AppData\Local\Programs\Python\Python313\python.exe C:\Users\web.atendimento\crypto_tech\model\train.py
   
   [2025-10-06 10:26:27.036469] Iniciando treinamento...
   Total de registros no dataset: 2730
   Moedas disponíveis: ['btc', 'ada', 'eth', 'ltc', 'xrp', 'sol']
   
   [2025-10-06 10:26:27.292768] Modelo treinado para BTC
   Registros totais usados: 455
   Traceback (most recent call last):
     File "C:\Users\web.atendimento\crypto_tech\model\train.py", line 73, in <module>
       run()
       ~~~^^
     File "C:\Users\web.atendimento\crypto_tech\model\train.py", line 70, in run
       train_for_symbol(df, symbol)
       ~~~~~~~~~~~~~~~~^^^^^^^^^^^^
     File "C:\Users\web.atendimento\crypto_tech\model\train.py", line 44, in train_for_symbol
       print(f"Período: {df['timestamp'].min()} \u2192 {df['timestamp'].max()}")
       ~~~~~^^^^^^^^^^^^^^^^^^^^^^^^^^^^^^^^^^^^^^^^^^^^^^^^^^^^^^^^^^^^^^^
     File "C:\Users\web.atendimento\AppData\Local\Programs\Python\Python313\Lib\encodings\cp1252.py", line 19, in encode
       return codecs.charmap_encode(input,self.errors,encoding_table)[0]
              ~~~~~~~~~~~~~~~~~~~~~^^^^^^^^^^^^^^^^^^^^^^^^^^^^^^^^^^
   UnicodeEncodeError: 'charmap' codec can't encode character '\u2192' in position 35: character maps to <undefined>
[2025-10-06 10:26:27] ❌ Train falhou (exit=1).
[2025-10-06 10:26:57] 🚀 Iniciando ciclo ETL (Extract → Transform → Train → Predict)...
[2025-10-06 10:26:57] ➡️  Extract: C:\Users\web.atendimento\AppData\Local\Programs\Python\Python313\python.exe C:\Users\web.atendimento\crypto_tech\etl\extract.py
   [2025-10-06 10:26:57.774680] Iniciando extração única...
   [2025-10-06 10:26:58.079485] Dados salvos com sucesso.
[2025-10-06 10:26:58] ✅ Extract concluído com sucesso.
[2025-10-06 10:26:58] ➡️  Transform: C:\Users\web.atendimento\AppData\Local\Programs\Python\Python313\python.exe C:\Users\web.atendimento\crypto_tech\etl\transform.py
   [2025-10-06 10:26:58.759606] Features salvas com sucesso em: data/processed/crypto_features.parquet
   Total de registros: 2736
   Primeira data: 2025-10-01 00:11:50+00:00 | Última data: 2025-10-06 13:26:24+00:00
[2025-10-06 10:26:58] ✅ Transform concluído com sucesso.
[2025-10-06 10:26:58] 📦 Features atualizadas: 2025-10-06 10:26:58
[2025-10-06 10:26:58] ➡️  Train: C:\Users\web.atendimento\AppData\Local\Programs\Python\Python313\python.exe C:\Users\web.atendimento\crypto_tech\model\train.py
   
   [2025-10-06 10:27:00.398822] Iniciando treinamento...
   Total de registros no dataset: 2736
   Moedas disponíveis: ['btc', 'ada', 'eth', 'ltc', 'xrp', 'sol']
   
   [2025-10-06 10:27:00.617762] Modelo treinado para BTC
   Registros totais usados: 456
   Traceback (most recent call last):
     File "C:\Users\web.atendimento\crypto_tech\model\train.py", line 73, in <module>
       run()
       ~~~^^
     File "C:\Users\web.atendimento\crypto_tech\model\train.py", line 70, in run
       train_for_symbol(df, symbol)
       ~~~~~~~~~~~~~~~~^^^^^^^^^^^^
     File "C:\Users\web.atendimento\crypto_tech\model\train.py", line 44, in train_for_symbol
       print(f"Período: {df['timestamp'].min()} \u2192 {df['timestamp'].max()}")
       ~~~~~^^^^^^^^^^^^^^^^^^^^^^^^^^^^^^^^^^^^^^^^^^^^^^^^^^^^^^^^^^^^^^^
     File "C:\Users\web.atendimento\AppData\Local\Programs\Python\Python313\Lib\encodings\cp1252.py", line 19, in encode
       return codecs.charmap_encode(input,self.errors,encoding_table)[0]
              ~~~~~~~~~~~~~~~~~~~~~^^^^^^^^^^^^^^^^^^^^^^^^^^^^^^^^^^
   UnicodeEncodeError: 'charmap' codec can't encode character '\u2192' in position 35: character maps to <undefined>
[2025-10-06 10:27:00] ❌ Train falhou (exit=1).
[2025-10-06 10:27:30] 🚀 Iniciando ciclo ETL (Extract → Transform → Train → Predict)...
[2025-10-06 10:27:30] ➡️  Extract: C:\Users\web.atendimento\AppData\Local\Programs\Python\Python313\python.exe C:\Users\web.atendimento\crypto_tech\etl\extract.py
   [2025-10-06 10:27:31.084028] Iniciando extração única...
   [2025-10-06 10:27:31.600762] Dados salvos com sucesso.
[2025-10-06 10:27:31] ✅ Extract concluído com sucesso.
[2025-10-06 10:27:31] ➡️  Transform: C:\Users\web.atendimento\AppData\Local\Programs\Python\Python313\python.exe C:\Users\web.atendimento\crypto_tech\etl\transform.py
   [2025-10-06 10:27:32.353157] Features salvas com sucesso em: data/processed/crypto_features.parquet
   Total de registros: 2742
   Primeira data: 2025-10-01 00:11:50+00:00 | Última data: 2025-10-06 13:26:58+00:00
[2025-10-06 10:27:32] ✅ Transform concluído com sucesso.
[2025-10-06 10:27:32] 📦 Features atualizadas: 2025-10-06 10:27:32
[2025-10-06 10:27:32] ➡️  Train: C:\Users\web.atendimento\AppData\Local\Programs\Python\Python313\python.exe C:\Users\web.atendimento\crypto_tech\model\train.py
   
   [2025-10-06 10:27:33.979381] Iniciando treinamento...
   Total de registros no dataset: 2742
   Moedas disponíveis: ['btc', 'ada', 'eth', 'ltc', 'xrp', 'sol']
   
   [2025-10-06 10:27:34.207194] Modelo treinado para BTC
   Registros totais usados: 457
   Traceback (most recent call last):
     File "C:\Users\web.atendimento\crypto_tech\model\train.py", line 73, in <module>
       run()
       ~~~^^
     File "C:\Users\web.atendimento\crypto_tech\model\train.py", line 70, in run
       train_for_symbol(df, symbol)
       ~~~~~~~~~~~~~~~~^^^^^^^^^^^^
     File "C:\Users\web.atendimento\crypto_tech\model\train.py", line 44, in train_for_symbol
       print(f"Período: {df['timestamp'].min()} \u2192 {df['timestamp'].max()}")
       ~~~~~^^^^^^^^^^^^^^^^^^^^^^^^^^^^^^^^^^^^^^^^^^^^^^^^^^^^^^^^^^^^^^^
     File "C:\Users\web.atendimento\AppData\Local\Programs\Python\Python313\Lib\encodings\cp1252.py", line 19, in encode
       return codecs.charmap_encode(input,self.errors,encoding_table)[0]
              ~~~~~~~~~~~~~~~~~~~~~^^^^^^^^^^^^^^^^^^^^^^^^^^^^^^^^^^
   UnicodeEncodeError: 'charmap' codec can't encode character '\u2192' in position 35: character maps to <undefined>
[2025-10-06 10:27:34] ❌ Train falhou (exit=1).
[2025-10-06 10:28:04] 🚀 Iniciando ciclo ETL (Extract → Transform → Train → Predict)...
[2025-10-06 10:28:04] ➡️  Extract: C:\Users\web.atendimento\AppData\Local\Programs\Python\Python313\python.exe C:\Users\web.atendimento\crypto_tech\etl\extract.py
   [2025-10-06 10:28:04.643769] Iniciando extração única...
   [2025-10-06 10:28:04.943197] Dados salvos com sucesso.
[2025-10-06 10:28:04] ✅ Extract concluído com sucesso.
[2025-10-06 10:28:04] ➡️  Transform: C:\Users\web.atendimento\AppData\Local\Programs\Python\Python313\python.exe C:\Users\web.atendimento\crypto_tech\etl\transform.py
   [2025-10-06 10:28:05.608152] Features salvas com sucesso em: data/processed/crypto_features.parquet
   Total de registros: 2748
   Primeira data: 2025-10-01 00:11:50+00:00 | Última data: 2025-10-06 13:27:31+00:00
[2025-10-06 10:28:05] ✅ Transform concluído com sucesso.
[2025-10-06 10:28:05] 📦 Features atualizadas: 2025-10-06 10:28:05
[2025-10-06 10:28:05] ➡️  Train: C:\Users\web.atendimento\AppData\Local\Programs\Python\Python313\python.exe C:\Users\web.atendimento\crypto_tech\model\train.py
   
   [2025-10-06 10:28:07.213953] Iniciando treinamento...
   Total de registros no dataset: 2748
   Moedas disponíveis: ['btc', 'ada', 'eth', 'ltc', 'xrp', 'sol']
   
   [2025-10-06 10:28:07.432764] Modelo treinado para BTC
   Registros totais usados: 458
   Traceback (most recent call last):
     File "C:\Users\web.atendimento\crypto_tech\model\train.py", line 73, in <module>
       run()
       ~~~^^
     File "C:\Users\web.atendimento\crypto_tech\model\train.py", line 70, in run
       train_for_symbol(df, symbol)
       ~~~~~~~~~~~~~~~~^^^^^^^^^^^^
     File "C:\Users\web.atendimento\crypto_tech\model\train.py", line 44, in train_for_symbol
       print(f"Período: {df['timestamp'].min()} \u2192 {df['timestamp'].max()}")
       ~~~~~^^^^^^^^^^^^^^^^^^^^^^^^^^^^^^^^^^^^^^^^^^^^^^^^^^^^^^^^^^^^^^^
     File "C:\Users\web.atendimento\AppData\Local\Programs\Python\Python313\Lib\encodings\cp1252.py", line 19, in encode
       return codecs.charmap_encode(input,self.errors,encoding_table)[0]
              ~~~~~~~~~~~~~~~~~~~~~^^^^^^^^^^^^^^^^^^^^^^^^^^^^^^^^^^
   UnicodeEncodeError: 'charmap' codec can't encode character '\u2192' in position 35: character maps to <undefined>
[2025-10-06 10:28:07] ❌ Train falhou (exit=1).
[2025-10-06 10:28:37] 🚀 Iniciando ciclo ETL (Extract → Transform → Train → Predict)...
[2025-10-06 10:28:37] ➡️  Extract: C:\Users\web.atendimento\AppData\Local\Programs\Python\Python313\python.exe C:\Users\web.atendimento\crypto_tech\etl\extract.py
   [2025-10-06 10:28:37.859641] Iniciando extração única...
   [2025-10-06 10:28:38.366600] Dados salvos com sucesso.
[2025-10-06 10:28:38] ✅ Extract concluído com sucesso.
[2025-10-06 10:28:38] ➡️  Transform: C:\Users\web.atendimento\AppData\Local\Programs\Python\Python313\python.exe C:\Users\web.atendimento\crypto_tech\etl\transform.py
   [2025-10-06 10:28:39.070954] Features salvas com sucesso em: data/processed/crypto_features.parquet
   Total de registros: 2754
   Primeira data: 2025-10-01 00:11:50+00:00 | Última data: 2025-10-06 13:28:04+00:00
[2025-10-06 10:28:39] ✅ Transform concluído com sucesso.
[2025-10-06 10:28:39] 📦 Features atualizadas: 2025-10-06 10:28:39
[2025-10-06 10:28:39] ➡️  Train: C:\Users\web.atendimento\AppData\Local\Programs\Python\Python313\python.exe C:\Users\web.atendimento\crypto_tech\model\train.py
   
   [2025-10-06 10:28:40.739550] Iniciando treinamento...
   Total de registros no dataset: 2754
   Moedas disponíveis: ['btc', 'ada', 'eth', 'ltc', 'xrp', 'sol']
   
   [2025-10-06 10:28:40.986533] Modelo treinado para BTC
   Registros totais usados: 459
   Traceback (most recent call last):
     File "C:\Users\web.atendimento\crypto_tech\model\train.py", line 73, in <module>
       run()
       ~~~^^
     File "C:\Users\web.atendimento\crypto_tech\model\train.py", line 70, in run
       train_for_symbol(df, symbol)
       ~~~~~~~~~~~~~~~~^^^^^^^^^^^^
     File "C:\Users\web.atendimento\crypto_tech\model\train.py", line 44, in train_for_symbol
       print(f"Período: {df['timestamp'].min()} \u2192 {df['timestamp'].max()}")
       ~~~~~^^^^^^^^^^^^^^^^^^^^^^^^^^^^^^^^^^^^^^^^^^^^^^^^^^^^^^^^^^^^^^^
     File "C:\Users\web.atendimento\AppData\Local\Programs\Python\Python313\Lib\encodings\cp1252.py", line 19, in encode
       return codecs.charmap_encode(input,self.errors,encoding_table)[0]
              ~~~~~~~~~~~~~~~~~~~~~^^^^^^^^^^^^^^^^^^^^^^^^^^^^^^^^^^
   UnicodeEncodeError: 'charmap' codec can't encode character '\u2192' in position 35: character maps to <undefined>
[2025-10-06 10:28:41] ❌ Train falhou (exit=1).


=== Início da execução: 2025-10-06 10:29:20 ===
[2025-10-06 10:29:20] 🧠 Orquestrador iniciado.
[2025-10-06 10:29:20] 🌐 Iniciando API (Uvicorn)...
[2025-10-06 10:29:20] 📊 Iniciando Dashboard (Streamlit)...
[2025-10-06 10:29:20] 🚀 Iniciando ciclo ETL (Extract → Transform → Train → Predict)...
[2025-10-06 10:29:20] ➡️  Extract: C:\Users\web.atendimento\AppData\Local\Programs\Python\Python313\python.exe C:\Users\web.atendimento\crypto_tech\etl\extract.py
   [2025-10-06 10:29:20.834018] Iniciando extração única...
   [2025-10-06 10:29:21.332356] Dados salvos com sucesso.
[2025-10-06 10:29:21] ✅ Extract concluído com sucesso.
[2025-10-06 10:29:21] ➡️  Transform: C:\Users\web.atendimento\AppData\Local\Programs\Python\Python313\python.exe C:\Users\web.atendimento\crypto_tech\etl\transform.py
   [2025-10-06 10:29:22.378095] Features salvas com sucesso em: data/processed/crypto_features.parquet
   Total de registros: 2760
   Primeira data: 2025-10-01 00:11:50+00:00 | Última data: 2025-10-06 13:28:38+00:00
[2025-10-06 10:29:22] ✅ Transform concluído com sucesso.
[2025-10-06 10:29:22] 📦 Features atualizadas: 2025-10-06 10:29:22
[2025-10-06 10:29:22] ➡️  Train: C:\Users\web.atendimento\AppData\Local\Programs\Python\Python313\python.exe C:\Users\web.atendimento\crypto_tech\model\train.py
   
   [2025-10-06 10:29:24.246270] Iniciando treinamento...
   Total de registros no dataset: 2760
   Moedas disponíveis: ['btc', 'ada', 'eth', 'ltc', 'xrp', 'sol']
   
   [2025-10-06 10:29:24.534659] Modelo treinado para BTC
   Registros totais usados: 460
   Período: 2025-10-01 00:11:50+00:00 - 2025-10-06 13:28:38+00:00
   MAE: 1991.5418
   R² : -0.3920
   Traceback (most recent call last):
     File "C:\Users\web.atendimento\crypto_tech\model\train.py", line 73, in <module>
       run()
       ~~~^^
     File "C:\Users\web.atendimento\crypto_tech\model\train.py", line 70, in run
       train_for_symbol(df, symbol)
       ~~~~~~~~~~~~~~~~^^^^^^^^^^^^
     File "C:\Users\web.atendimento\crypto_tech\model\train.py", line 52, in train_for_symbol
       print(f"\u2705 Modelo salvo em {model_path}")
       ~~~~~^^^^^^^^^^^^^^^^^^^^^^^^^^^^^^^^^^^^
     File "C:\Users\web.atendimento\AppData\Local\Programs\Python\Python313\Lib\encodings\cp1252.py", line 19, in encode
       return codecs.charmap_encode(input,self.errors,encoding_table)[0]
              ~~~~~~~~~~~~~~~~~~~~~^^^^^^^^^^^^^^^^^^^^^^^^^^^^^^^^^^
   UnicodeEncodeError: 'charmap' codec can't encode character '\u2705' in position 0: character maps to <undefined>
[2025-10-06 10:29:24] ❌ Train falhou (exit=1).
[2025-10-06 10:29:28] 🌍 Abrindo navegador (Dashboard + API)...
[2025-10-06 10:29:54] 🚀 Iniciando ciclo ETL (Extract → Transform → Train → Predict)...
[2025-10-06 10:29:54] ➡️  Extract: C:\Users\web.atendimento\AppData\Local\Programs\Python\Python313\python.exe C:\Users\web.atendimento\crypto_tech\etl\extract.py
   [2025-10-06 10:29:55.065471] Iniciando extração única...
   [2025-10-06 10:29:55.593538] Dados salvos com sucesso.
[2025-10-06 10:29:55] ✅ Extract concluído com sucesso.
[2025-10-06 10:29:55] ➡️  Transform: C:\Users\web.atendimento\AppData\Local\Programs\Python\Python313\python.exe C:\Users\web.atendimento\crypto_tech\etl\transform.py
   [2025-10-06 10:29:56.478180] Features salvas com sucesso em: data/processed/crypto_features.parquet
   Total de registros: 2766
   Primeira data: 2025-10-01 00:11:50+00:00 | Última data: 2025-10-06 13:29:21+00:00
[2025-10-06 10:29:56] ✅ Transform concluído com sucesso.
[2025-10-06 10:29:56] 📦 Features atualizadas: 2025-10-06 10:29:56
[2025-10-06 10:29:56] ➡️  Train: C:\Users\web.atendimento\AppData\Local\Programs\Python\Python313\python.exe C:\Users\web.atendimento\crypto_tech\model\train.py
   
   [2025-10-06 10:29:58.368211] Iniciando treinamento...
   Total de registros no dataset: 2766
   Moedas disponíveis: ['btc', 'ada', 'eth', 'ltc', 'xrp', 'sol']
   
   [2025-10-06 10:29:58.672583] Modelo treinado para BTC
   Registros totais usados: 461
   Período: 2025-10-01 00:11:50+00:00 - 2025-10-06 13:29:21+00:00
   MAE: 2030.9866
   R² : -0.4073
   Traceback (most recent call last):
     File "C:\Users\web.atendimento\crypto_tech\model\train.py", line 73, in <module>
       run()
       ~~~^^
     File "C:\Users\web.atendimento\crypto_tech\model\train.py", line 70, in run
       train_for_symbol(df, symbol)
       ~~~~~~~~~~~~~~~~^^^^^^^^^^^^
     File "C:\Users\web.atendimento\crypto_tech\model\train.py", line 52, in train_for_symbol
       print(f"\u2705 Modelo salvo em {model_path}")
       ~~~~~^^^^^^^^^^^^^^^^^^^^^^^^^^^^^^^^^^^^
     File "C:\Users\web.atendimento\AppData\Local\Programs\Python\Python313\Lib\encodings\cp1252.py", line 19, in encode
       return codecs.charmap_encode(input,self.errors,encoding_table)[0]
              ~~~~~~~~~~~~~~~~~~~~~^^^^^^^^^^^^^^^^^^^^^^^^^^^^^^^^^^
   UnicodeEncodeError: 'charmap' codec can't encode character '\u2705' in position 0: character maps to <undefined>
[2025-10-06 10:29:58] ❌ Train falhou (exit=1).
[2025-10-06 10:30:28] 🚀 Iniciando ciclo ETL (Extract → Transform → Train → Predict)...
[2025-10-06 10:30:28] ➡️  Extract: C:\Users\web.atendimento\AppData\Local\Programs\Python\Python313\python.exe C:\Users\web.atendimento\crypto_tech\etl\extract.py
   [2025-10-06 10:30:29.199766] Iniciando extração única...
   [2025-10-06 10:30:29.497220] Dados salvos com sucesso.
[2025-10-06 10:30:29] ✅ Extract concluído com sucesso.
[2025-10-06 10:30:29] ➡️  Transform: C:\Users\web.atendimento\AppData\Local\Programs\Python\Python313\python.exe C:\Users\web.atendimento\crypto_tech\etl\transform.py
   [2025-10-06 10:30:30.178333] Features salvas com sucesso em: data/processed/crypto_features.parquet
   Total de registros: 2772
   Primeira data: 2025-10-01 00:11:50+00:00 | Última data: 2025-10-06 13:29:55+00:00
[2025-10-06 10:30:30] ✅ Transform concluído com sucesso.
[2025-10-06 10:30:30] 📦 Features atualizadas: 2025-10-06 10:30:30
[2025-10-06 10:30:30] ➡️  Train: C:\Users\web.atendimento\AppData\Local\Programs\Python\Python313\python.exe C:\Users\web.atendimento\crypto_tech\model\train.py
   
   [2025-10-06 10:30:31.908486] Iniciando treinamento...
   Total de registros no dataset: 2772
   Moedas disponíveis: ['btc', 'ada', 'eth', 'ltc', 'xrp', 'sol']
   
   [2025-10-06 10:30:32.127581] Modelo treinado para BTC
   Registros totais usados: 462
   Período: 2025-10-01 00:11:50+00:00 - 2025-10-06 13:29:55+00:00
   MAE: 2092.2868
   R² : -0.4334
   Traceback (most recent call last):
     File "C:\Users\web.atendimento\crypto_tech\model\train.py", line 73, in <module>
       run()
       ~~~^^
     File "C:\Users\web.atendimento\crypto_tech\model\train.py", line 70, in run
       train_for_symbol(df, symbol)
       ~~~~~~~~~~~~~~~~^^^^^^^^^^^^
     File "C:\Users\web.atendimento\crypto_tech\model\train.py", line 52, in train_for_symbol
       print(f"\u2705 Modelo salvo em {model_path}")
       ~~~~~^^^^^^^^^^^^^^^^^^^^^^^^^^^^^^^^^^^^
     File "C:\Users\web.atendimento\AppData\Local\Programs\Python\Python313\Lib\encodings\cp1252.py", line 19, in encode
       return codecs.charmap_encode(input,self.errors,encoding_table)[0]
              ~~~~~~~~~~~~~~~~~~~~~^^^^^^^^^^^^^^^^^^^^^^^^^^^^^^^^^^
   UnicodeEncodeError: 'charmap' codec can't encode character '\u2705' in position 0: character maps to <undefined>
[2025-10-06 10:30:32] ❌ Train falhou (exit=1).
[2025-10-06 10:31:02] 🚀 Iniciando ciclo ETL (Extract → Transform → Train → Predict)...
[2025-10-06 10:31:02] ➡️  Extract: C:\Users\web.atendimento\AppData\Local\Programs\Python\Python313\python.exe C:\Users\web.atendimento\crypto_tech\etl\extract.py
   [2025-10-06 10:31:02.607596] Iniciando extração única...
   [2025-10-06 10:31:03.131438] Dados salvos com sucesso.
[2025-10-06 10:31:03] ✅ Extract concluído com sucesso.
[2025-10-06 10:31:03] ➡️  Transform: C:\Users\web.atendimento\AppData\Local\Programs\Python\Python313\python.exe C:\Users\web.atendimento\crypto_tech\etl\transform.py
   [2025-10-06 10:31:03.836105] Features salvas com sucesso em: data/processed/crypto_features.parquet
   Total de registros: 2778
   Primeira data: 2025-10-01 00:11:50+00:00 | Última data: 2025-10-06 13:30:29+00:00
[2025-10-06 10:31:03] ✅ Transform concluído com sucesso.
[2025-10-06 10:31:03] 📦 Features atualizadas: 2025-10-06 10:31:03
[2025-10-06 10:31:03] ➡️  Train: C:\Users\web.atendimento\AppData\Local\Programs\Python\Python313\python.exe C:\Users\web.atendimento\crypto_tech\model\train.py
   
   [2025-10-06 10:31:05.462580] Iniciando treinamento...
   Total de registros no dataset: 2778
   Moedas disponíveis: ['btc', 'ada', 'eth', 'ltc', 'xrp', 'sol']
   
   [2025-10-06 10:31:05.680100] Modelo treinado para BTC
   Registros totais usados: 463
   Período: 2025-10-01 00:11:50+00:00 - 2025-10-06 13:30:29+00:00
   MAE: 2152.0987
   R² : -0.4596
   Traceback (most recent call last):
     File "C:\Users\web.atendimento\crypto_tech\model\train.py", line 73, in <module>
       run()
       ~~~^^
     File "C:\Users\web.atendimento\crypto_tech\model\train.py", line 70, in run
       train_for_symbol(df, symbol)
       ~~~~~~~~~~~~~~~~^^^^^^^^^^^^
     File "C:\Users\web.atendimento\crypto_tech\model\train.py", line 52, in train_for_symbol
       print(f"\u2705 Modelo salvo em {model_path}")
       ~~~~~^^^^^^^^^^^^^^^^^^^^^^^^^^^^^^^^^^^^
     File "C:\Users\web.atendimento\AppData\Local\Programs\Python\Python313\Lib\encodings\cp1252.py", line 19, in encode
       return codecs.charmap_encode(input,self.errors,encoding_table)[0]
              ~~~~~~~~~~~~~~~~~~~~~^^^^^^^^^^^^^^^^^^^^^^^^^^^^^^^^^^
   UnicodeEncodeError: 'charmap' codec can't encode character '\u2705' in position 0: character maps to <undefined>
[2025-10-06 10:31:05] ❌ Train falhou (exit=1).
[2025-10-06 10:31:35] 🚀 Iniciando ciclo ETL (Extract → Transform → Train → Predict)...
[2025-10-06 10:31:35] ➡️  Extract: C:\Users\web.atendimento\AppData\Local\Programs\Python\Python313\python.exe C:\Users\web.atendimento\crypto_tech\etl\extract.py
   [2025-10-06 10:31:36.188475] Iniciando extração única...
   [2025-10-06 10:31:36.507114] Dados salvos com sucesso.
[2025-10-06 10:31:36] ✅ Extract concluído com sucesso.
[2025-10-06 10:31:36] ➡️  Transform: C:\Users\web.atendimento\AppData\Local\Programs\Python\Python313\python.exe C:\Users\web.atendimento\crypto_tech\etl\transform.py
   [2025-10-06 10:31:37.135903] Features salvas com sucesso em: data/processed/crypto_features.parquet
   Total de registros: 2784
   Primeira data: 2025-10-01 00:11:50+00:00 | Última data: 2025-10-06 13:31:03+00:00
[2025-10-06 10:31:37] ✅ Transform concluído com sucesso.
[2025-10-06 10:31:37] 📦 Features atualizadas: 2025-10-06 10:31:37
[2025-10-06 10:31:37] ➡️  Train: C:\Users\web.atendimento\AppData\Local\Programs\Python\Python313\python.exe C:\Users\web.atendimento\crypto_tech\model\train.py
   
   [2025-10-06 10:31:38.684747] Iniciando treinamento...
   Total de registros no dataset: 2784
   Moedas disponíveis: ['btc', 'ada', 'eth', 'ltc', 'xrp', 'sol']
   
   [2025-10-06 10:31:38.906549] Modelo treinado para BTC
   Registros totais usados: 464
   Período: 2025-10-01 00:11:50+00:00 - 2025-10-06 13:31:03+00:00
   MAE: 2212.1867
   R² : -0.4873
   Traceback (most recent call last):
     File "C:\Users\web.atendimento\crypto_tech\model\train.py", line 73, in <module>
       run()
       ~~~^^
     File "C:\Users\web.atendimento\crypto_tech\model\train.py", line 70, in run
       train_for_symbol(df, symbol)
       ~~~~~~~~~~~~~~~~^^^^^^^^^^^^
     File "C:\Users\web.atendimento\crypto_tech\model\train.py", line 52, in train_for_symbol
       print(f"\u2705 Modelo salvo em {model_path}")
       ~~~~~^^^^^^^^^^^^^^^^^^^^^^^^^^^^^^^^^^^^
     File "C:\Users\web.atendimento\AppData\Local\Programs\Python\Python313\Lib\encodings\cp1252.py", line 19, in encode
       return codecs.charmap_encode(input,self.errors,encoding_table)[0]
              ~~~~~~~~~~~~~~~~~~~~~^^^^^^^^^^^^^^^^^^^^^^^^^^^^^^^^^^
   UnicodeEncodeError: 'charmap' codec can't encode character '\u2705' in position 0: character maps to <undefined>
[2025-10-06 10:31:39] ❌ Train falhou (exit=1).
[2025-10-06 10:32:09] 🚀 Iniciando ciclo ETL (Extract → Transform → Train → Predict)...
[2025-10-06 10:32:09] ➡️  Extract: C:\Users\web.atendimento\AppData\Local\Programs\Python\Python313\python.exe C:\Users\web.atendimento\crypto_tech\etl\extract.py
   [2025-10-06 10:32:09.363964] Iniciando extração única...
   [2025-10-06 10:32:09.825086] Dados salvos com sucesso.
[2025-10-06 10:32:09] ✅ Extract concluído com sucesso.
[2025-10-06 10:32:09] ➡️  Transform: C:\Users\web.atendimento\AppData\Local\Programs\Python\Python313\python.exe C:\Users\web.atendimento\crypto_tech\etl\transform.py
   [2025-10-06 10:32:10.455978] Features salvas com sucesso em: data/processed/crypto_features.parquet
   Total de registros: 2790
   Primeira data: 2025-10-01 00:11:50+00:00 | Última data: 2025-10-06 13:31:36+00:00
[2025-10-06 10:32:10] ✅ Transform concluído com sucesso.
[2025-10-06 10:32:10] 📦 Features atualizadas: 2025-10-06 10:32:10
[2025-10-06 10:32:10] ➡️  Train: C:\Users\web.atendimento\AppData\Local\Programs\Python\Python313\python.exe C:\Users\web.atendimento\crypto_tech\model\train.py
   
   [2025-10-06 10:32:12.017360] Iniciando treinamento...
   Total de registros no dataset: 2790
   Moedas disponíveis: ['btc', 'ada', 'eth', 'ltc', 'xrp', 'sol']
   
   [2025-10-06 10:32:12.238712] Modelo treinado para BTC
   Registros totais usados: 465
   Período: 2025-10-01 00:11:50+00:00 - 2025-10-06 13:31:36+00:00
   MAE: 2271.9654
   R² : -0.5160
   Traceback (most recent call last):
     File "C:\Users\web.atendimento\crypto_tech\model\train.py", line 73, in <module>
       run()
       ~~~^^
     File "C:\Users\web.atendimento\crypto_tech\model\train.py", line 70, in run
       train_for_symbol(df, symbol)
       ~~~~~~~~~~~~~~~~^^^^^^^^^^^^
     File "C:\Users\web.atendimento\crypto_tech\model\train.py", line 52, in train_for_symbol
       print(f"\u2705 Modelo salvo em {model_path}")
       ~~~~~^^^^^^^^^^^^^^^^^^^^^^^^^^^^^^^^^^^^
     File "C:\Users\web.atendimento\AppData\Local\Programs\Python\Python313\Lib\encodings\cp1252.py", line 19, in encode
       return codecs.charmap_encode(input,self.errors,encoding_table)[0]
              ~~~~~~~~~~~~~~~~~~~~~^^^^^^^^^^^^^^^^^^^^^^^^^^^^^^^^^^
   UnicodeEncodeError: 'charmap' codec can't encode character '\u2705' in position 0: character maps to <undefined>
[2025-10-06 10:32:12] ❌ Train falhou (exit=1).
[2025-10-06 10:32:42] 🚀 Iniciando ciclo ETL (Extract → Transform → Train → Predict)...
[2025-10-06 10:32:42] ➡️  Extract: C:\Users\web.atendimento\AppData\Local\Programs\Python\Python313\python.exe C:\Users\web.atendimento\crypto_tech\etl\extract.py
   [2025-10-06 10:32:42.704937] Iniciando extração única...
   [2025-10-06 10:32:42.998381] Dados salvos com sucesso.
[2025-10-06 10:32:43] ✅ Extract concluído com sucesso.
[2025-10-06 10:32:43] ➡️  Transform: C:\Users\web.atendimento\AppData\Local\Programs\Python\Python313\python.exe C:\Users\web.atendimento\crypto_tech\etl\transform.py
   [2025-10-06 10:32:43.648671] Features salvas com sucesso em: data/processed/crypto_features.parquet
   Total de registros: 2796
   Primeira data: 2025-10-01 00:11:50+00:00 | Última data: 2025-10-06 13:32:09+00:00
[2025-10-06 10:32:43] ✅ Transform concluído com sucesso.
[2025-10-06 10:32:43] 📦 Features atualizadas: 2025-10-06 10:32:43
[2025-10-06 10:32:43] ➡️  Train: C:\Users\web.atendimento\AppData\Local\Programs\Python\Python313\python.exe C:\Users\web.atendimento\crypto_tech\model\train.py
   
   [2025-10-06 10:32:45.191064] Iniciando treinamento...
   Total de registros no dataset: 2796
   Moedas disponíveis: ['btc', 'ada', 'eth', 'ltc', 'xrp', 'sol']
   
   [2025-10-06 10:32:45.404524] Modelo treinado para BTC
   Registros totais usados: 466
   Período: 2025-10-01 00:11:50+00:00 - 2025-10-06 13:32:09+00:00
   MAE: 2306.9938
   R² : -0.5325
   Traceback (most recent call last):
     File "C:\Users\web.atendimento\crypto_tech\model\train.py", line 73, in <module>
       run()
       ~~~^^
     File "C:\Users\web.atendimento\crypto_tech\model\train.py", line 70, in run
       train_for_symbol(df, symbol)
       ~~~~~~~~~~~~~~~~^^^^^^^^^^^^
     File "C:\Users\web.atendimento\crypto_tech\model\train.py", line 52, in train_for_symbol
       print(f"\u2705 Modelo salvo em {model_path}")
       ~~~~~^^^^^^^^^^^^^^^^^^^^^^^^^^^^^^^^^^^^
     File "C:\Users\web.atendimento\AppData\Local\Programs\Python\Python313\Lib\encodings\cp1252.py", line 19, in encode
       return codecs.charmap_encode(input,self.errors,encoding_table)[0]
              ~~~~~~~~~~~~~~~~~~~~~^^^^^^^^^^^^^^^^^^^^^^^^^^^^^^^^^^
   UnicodeEncodeError: 'charmap' codec can't encode character '\u2705' in position 0: character maps to <undefined>
[2025-10-06 10:32:45] ❌ Train falhou (exit=1).
[2025-10-06 10:33:15] 🚀 Iniciando ciclo ETL (Extract → Transform → Train → Predict)...
[2025-10-06 10:33:15] ➡️  Extract: C:\Users\web.atendimento\AppData\Local\Programs\Python\Python313\python.exe C:\Users\web.atendimento\crypto_tech\etl\extract.py
   [2025-10-06 10:33:15.883731] Iniciando extração única...
   [2025-10-06 10:33:16.364908] Dados salvos com sucesso.
[2025-10-06 10:33:16] ✅ Extract concluído com sucesso.
[2025-10-06 10:33:16] ➡️  Transform: C:\Users\web.atendimento\AppData\Local\Programs\Python\Python313\python.exe C:\Users\web.atendimento\crypto_tech\etl\transform.py
   [2025-10-06 10:33:16.998427] Features salvas com sucesso em: data/processed/crypto_features.parquet
   Total de registros: 2802
   Primeira data: 2025-10-01 00:11:50+00:00 | Última data: 2025-10-06 13:32:42+00:00
[2025-10-06 10:33:17] ✅ Transform concluído com sucesso.
[2025-10-06 10:33:17] 📦 Features atualizadas: 2025-10-06 10:33:16
[2025-10-06 10:33:17] ➡️  Train: C:\Users\web.atendimento\AppData\Local\Programs\Python\Python313\python.exe C:\Users\web.atendimento\crypto_tech\model\train.py
   
   [2025-10-06 10:33:18.538957] Iniciando treinamento...
   Total de registros no dataset: 2802
   Moedas disponíveis: ['btc', 'ada', 'eth', 'ltc', 'xrp', 'sol']
   
   [2025-10-06 10:33:18.757137] Modelo treinado para BTC
   Registros totais usados: 467
   Período: 2025-10-01 00:11:50+00:00 - 2025-10-06 13:32:42+00:00
   MAE: 2364.0609
   R² : -0.5626
   Traceback (most recent call last):
     File "C:\Users\web.atendimento\crypto_tech\model\train.py", line 73, in <module>
       run()
       ~~~^^
     File "C:\Users\web.atendimento\crypto_tech\model\train.py", line 70, in run
       train_for_symbol(df, symbol)
       ~~~~~~~~~~~~~~~~^^^^^^^^^^^^
     File "C:\Users\web.atendimento\crypto_tech\model\train.py", line 52, in train_for_symbol
       print(f"\u2705 Modelo salvo em {model_path}")
       ~~~~~^^^^^^^^^^^^^^^^^^^^^^^^^^^^^^^^^^^^
     File "C:\Users\web.atendimento\AppData\Local\Programs\Python\Python313\Lib\encodings\cp1252.py", line 19, in encode
       return codecs.charmap_encode(input,self.errors,encoding_table)[0]
              ~~~~~~~~~~~~~~~~~~~~~^^^^^^^^^^^^^^^^^^^^^^^^^^^^^^^^^^
   UnicodeEncodeError: 'charmap' codec can't encode character '\u2705' in position 0: character maps to <undefined>
[2025-10-06 10:33:18] ❌ Train falhou (exit=1).
[2025-10-06 10:33:48] 🚀 Iniciando ciclo ETL (Extract → Transform → Train → Predict)...
[2025-10-06 10:33:48] ➡️  Extract: C:\Users\web.atendimento\AppData\Local\Programs\Python\Python313\python.exe C:\Users\web.atendimento\crypto_tech\etl\extract.py
   [2025-10-06 10:33:49.231975] Iniciando extração única...
   [2025-10-06 10:33:49.520861] Dados salvos com sucesso.
[2025-10-06 10:33:49] ✅ Extract concluído com sucesso.
[2025-10-06 10:33:49] ➡️  Transform: C:\Users\web.atendimento\AppData\Local\Programs\Python\Python313\python.exe C:\Users\web.atendimento\crypto_tech\etl\transform.py
   [2025-10-06 10:33:50.159911] Features salvas com sucesso em: data/processed/crypto_features.parquet
   Total de registros: 2808
   Primeira data: 2025-10-01 00:11:50+00:00 | Última data: 2025-10-06 13:33:16+00:00
[2025-10-06 10:33:50] ✅ Transform concluído com sucesso.
[2025-10-06 10:33:50] 📦 Features atualizadas: 2025-10-06 10:33:50
[2025-10-06 10:33:50] ➡️  Train: C:\Users\web.atendimento\AppData\Local\Programs\Python\Python313\python.exe C:\Users\web.atendimento\crypto_tech\model\train.py
   
   [2025-10-06 10:33:51.721378] Iniciando treinamento...
   Total de registros no dataset: 2808
   Moedas disponíveis: ['btc', 'ada', 'eth', 'ltc', 'xrp', 'sol']
   
   [2025-10-06 10:33:51.944225] Modelo treinado para BTC
   Registros totais usados: 468
   Período: 2025-10-01 00:11:50+00:00 - 2025-10-06 13:33:16+00:00
   MAE: 2422.3257
   R² : -0.5945
   Traceback (most recent call last):
     File "C:\Users\web.atendimento\crypto_tech\model\train.py", line 73, in <module>
       run()
       ~~~^^
     File "C:\Users\web.atendimento\crypto_tech\model\train.py", line 70, in run
       train_for_symbol(df, symbol)
       ~~~~~~~~~~~~~~~~^^^^^^^^^^^^
     File "C:\Users\web.atendimento\crypto_tech\model\train.py", line 52, in train_for_symbol
       print(f"\u2705 Modelo salvo em {model_path}")
       ~~~~~^^^^^^^^^^^^^^^^^^^^^^^^^^^^^^^^^^^^
     File "C:\Users\web.atendimento\AppData\Local\Programs\Python\Python313\Lib\encodings\cp1252.py", line 19, in encode
       return codecs.charmap_encode(input,self.errors,encoding_table)[0]
              ~~~~~~~~~~~~~~~~~~~~~^^^^^^^^^^^^^^^^^^^^^^^^^^^^^^^^^^
   UnicodeEncodeError: 'charmap' codec can't encode character '\u2705' in position 0: character maps to <undefined>
[2025-10-06 10:33:52] ❌ Train falhou (exit=1).
[2025-10-06 10:34:22] 🚀 Iniciando ciclo ETL (Extract → Transform → Train → Predict)...
[2025-10-06 10:34:22] ➡️  Extract: C:\Users\web.atendimento\AppData\Local\Programs\Python\Python313\python.exe C:\Users\web.atendimento\crypto_tech\etl\extract.py
   [2025-10-06 10:34:22.441279] Iniciando extração única...
   [2025-10-06 10:34:22.899226] Dados salvos com sucesso.
[2025-10-06 10:34:22] ✅ Extract concluído com sucesso.
[2025-10-06 10:34:22] ➡️  Transform: C:\Users\web.atendimento\AppData\Local\Programs\Python\Python313\python.exe C:\Users\web.atendimento\crypto_tech\etl\transform.py
   [2025-10-06 10:34:23.617768] Features salvas com sucesso em: data/processed/crypto_features.parquet
   Total de registros: 2814
   Primeira data: 2025-10-01 00:11:50+00:00 | Última data: 2025-10-06 13:33:49+00:00
[2025-10-06 10:34:23] ✅ Transform concluído com sucesso.
[2025-10-06 10:34:23] 📦 Features atualizadas: 2025-10-06 10:34:23
[2025-10-06 10:34:23] ➡️  Train: C:\Users\web.atendimento\AppData\Local\Programs\Python\Python313\python.exe C:\Users\web.atendimento\crypto_tech\model\train.py
   
   [2025-10-06 10:34:25.200168] Iniciando treinamento...
   Total de registros no dataset: 2814
   Moedas disponíveis: ['btc', 'ada', 'eth', 'ltc', 'xrp', 'sol']
   
   [2025-10-06 10:34:25.460780] Modelo treinado para BTC
   Registros totais usados: 469
   Período: 2025-10-01 00:11:50+00:00 - 2025-10-06 13:33:49+00:00
   MAE: 2477.7418
   R² : -0.6255
   Traceback (most recent call last):
     File "C:\Users\web.atendimento\crypto_tech\model\train.py", line 73, in <module>
       run()
       ~~~^^
     File "C:\Users\web.atendimento\crypto_tech\model\train.py", line 70, in run
       train_for_symbol(df, symbol)
       ~~~~~~~~~~~~~~~~^^^^^^^^^^^^
     File "C:\Users\web.atendimento\crypto_tech\model\train.py", line 52, in train_for_symbol
       print(f"\u2705 Modelo salvo em {model_path}")
       ~~~~~^^^^^^^^^^^^^^^^^^^^^^^^^^^^^^^^^^^^
     File "C:\Users\web.atendimento\AppData\Local\Programs\Python\Python313\Lib\encodings\cp1252.py", line 19, in encode
       return codecs.charmap_encode(input,self.errors,encoding_table)[0]
              ~~~~~~~~~~~~~~~~~~~~~^^^^^^^^^^^^^^^^^^^^^^^^^^^^^^^^^^
   UnicodeEncodeError: 'charmap' codec can't encode character '\u2705' in position 0: character maps to <undefined>
[2025-10-06 10:34:25] ❌ Train falhou (exit=1).
[2025-10-06 10:34:55] 🚀 Iniciando ciclo ETL (Extract → Transform → Train → Predict)...
[2025-10-06 10:34:55] ➡️  Extract: C:\Users\web.atendimento\AppData\Local\Programs\Python\Python313\python.exe C:\Users\web.atendimento\crypto_tech\etl\extract.py
   [2025-10-06 10:34:55.932572] Iniciando extração única...
   [2025-10-06 10:34:56.232501] Dados salvos com sucesso.
[2025-10-06 10:34:56] ✅ Extract concluído com sucesso.
[2025-10-06 10:34:56] ➡️  Transform: C:\Users\web.atendimento\AppData\Local\Programs\Python\Python313\python.exe C:\Users\web.atendimento\crypto_tech\etl\transform.py
   [2025-10-06 10:34:56.922579] Features salvas com sucesso em: data/processed/crypto_features.parquet
   Total de registros: 2820
   Primeira data: 2025-10-01 00:11:50+00:00 | Última data: 2025-10-06 13:34:22+00:00
[2025-10-06 10:34:57] ✅ Transform concluído com sucesso.
[2025-10-06 10:34:57] 📦 Features atualizadas: 2025-10-06 10:34:56
[2025-10-06 10:34:57] ➡️  Train: C:\Users\web.atendimento\AppData\Local\Programs\Python\Python313\python.exe C:\Users\web.atendimento\crypto_tech\model\train.py
   
   [2025-10-06 10:34:58.596838] Iniciando treinamento...
   Total de registros no dataset: 2820
   Moedas disponíveis: ['btc', 'ada', 'eth', 'ltc', 'xrp', 'sol']
   
   [2025-10-06 10:34:58.844524] Modelo treinado para BTC
   Registros totais usados: 470
   Período: 2025-10-01 00:11:50+00:00 - 2025-10-06 13:34:22+00:00
   MAE: 2533.3397
   R² : -0.6592
   Traceback (most recent call last):
     File "C:\Users\web.atendimento\crypto_tech\model\train.py", line 73, in <module>
       run()
       ~~~^^
     File "C:\Users\web.atendimento\crypto_tech\model\train.py", line 70, in run
       train_for_symbol(df, symbol)
       ~~~~~~~~~~~~~~~~^^^^^^^^^^^^
     File "C:\Users\web.atendimento\crypto_tech\model\train.py", line 52, in train_for_symbol
       print(f"\u2705 Modelo salvo em {model_path}")
       ~~~~~^^^^^^^^^^^^^^^^^^^^^^^^^^^^^^^^^^^^
     File "C:\Users\web.atendimento\AppData\Local\Programs\Python\Python313\Lib\encodings\cp1252.py", line 19, in encode
       return codecs.charmap_encode(input,self.errors,encoding_table)[0]
              ~~~~~~~~~~~~~~~~~~~~~^^^^^^^^^^^^^^^^^^^^^^^^^^^^^^^^^^
   UnicodeEncodeError: 'charmap' codec can't encode character '\u2705' in position 0: character maps to <undefined>
[2025-10-06 10:34:59] ❌ Train falhou (exit=1).
[2025-10-06 10:35:29] 🚀 Iniciando ciclo ETL (Extract → Transform → Train → Predict)...
[2025-10-06 10:35:29] ➡️  Extract: C:\Users\web.atendimento\AppData\Local\Programs\Python\Python313\python.exe C:\Users\web.atendimento\crypto_tech\etl\extract.py
   [2025-10-06 10:35:29.309485] Iniciando extração única...
   [2025-10-06 10:35:29.771947] Dados salvos com sucesso.
[2025-10-06 10:35:29] ✅ Extract concluído com sucesso.
[2025-10-06 10:35:29] ➡️  Transform: C:\Users\web.atendimento\AppData\Local\Programs\Python\Python313\python.exe C:\Users\web.atendimento\crypto_tech\etl\transform.py
   [2025-10-06 10:35:30.439911] Features salvas com sucesso em: data/processed/crypto_features.parquet
   Total de registros: 2826
   Primeira data: 2025-10-01 00:11:50+00:00 | Última data: 2025-10-06 13:34:56+00:00
[2025-10-06 10:35:30] ✅ Transform concluído com sucesso.
[2025-10-06 10:35:30] 📦 Features atualizadas: 2025-10-06 10:35:30
[2025-10-06 10:35:30] ➡️  Train: C:\Users\web.atendimento\AppData\Local\Programs\Python\Python313\python.exe C:\Users\web.atendimento\crypto_tech\model\train.py
   
   [2025-10-06 10:35:32.096914] Iniciando treinamento...
   Total de registros no dataset: 2826
   Moedas disponíveis: ['btc', 'ada', 'eth', 'ltc', 'xrp', 'sol']
   
   [2025-10-06 10:35:32.309782] Modelo treinado para BTC
   Registros totais usados: 471
   Período: 2025-10-01 00:11:50+00:00 - 2025-10-06 13:34:56+00:00
   MAE: 2564.5076
   R² : -0.6769
   Traceback (most recent call last):
     File "C:\Users\web.atendimento\crypto_tech\model\train.py", line 73, in <module>
       run()
       ~~~^^
     File "C:\Users\web.atendimento\crypto_tech\model\train.py", line 70, in run
       train_for_symbol(df, symbol)
       ~~~~~~~~~~~~~~~~^^^^^^^^^^^^
     File "C:\Users\web.atendimento\crypto_tech\model\train.py", line 52, in train_for_symbol
       print(f"\u2705 Modelo salvo em {model_path}")
       ~~~~~^^^^^^^^^^^^^^^^^^^^^^^^^^^^^^^^^^^^
     File "C:\Users\web.atendimento\AppData\Local\Programs\Python\Python313\Lib\encodings\cp1252.py", line 19, in encode
       return codecs.charmap_encode(input,self.errors,encoding_table)[0]
              ~~~~~~~~~~~~~~~~~~~~~^^^^^^^^^^^^^^^^^^^^^^^^^^^^^^^^^^
   UnicodeEncodeError: 'charmap' codec can't encode character '\u2705' in position 0: character maps to <undefined>
[2025-10-06 10:35:32] ❌ Train falhou (exit=1).
[2025-10-06 10:36:02] 🚀 Iniciando ciclo ETL (Extract → Transform → Train → Predict)...
[2025-10-06 10:36:02] ➡️  Extract: C:\Users\web.atendimento\AppData\Local\Programs\Python\Python313\python.exe C:\Users\web.atendimento\crypto_tech\etl\extract.py
   [2025-10-06 10:36:02.788966] Iniciando extração única...
   [2025-10-06 10:36:03.118539] Dados salvos com sucesso.
[2025-10-06 10:36:03] ✅ Extract concluído com sucesso.
[2025-10-06 10:36:03] ➡️  Transform: C:\Users\web.atendimento\AppData\Local\Programs\Python\Python313\python.exe C:\Users\web.atendimento\crypto_tech\etl\transform.py
   [2025-10-06 10:36:03.802042] Features salvas com sucesso em: data/processed/crypto_features.parquet
   Total de registros: 2832
   Primeira data: 2025-10-01 00:11:50+00:00 | Última data: 2025-10-06 13:35:29+00:00
[2025-10-06 10:36:03] ✅ Transform concluído com sucesso.
[2025-10-06 10:36:03] 📦 Features atualizadas: 2025-10-06 10:36:03
[2025-10-06 10:36:03] ➡️  Train: C:\Users\web.atendimento\AppData\Local\Programs\Python\Python313\python.exe C:\Users\web.atendimento\crypto_tech\model\train.py
   
   [2025-10-06 10:36:05.446111] Iniciando treinamento...
   Total de registros no dataset: 2832
   Moedas disponíveis: ['btc', 'ada', 'eth', 'ltc', 'xrp', 'sol']
   
   [2025-10-06 10:36:05.663608] Modelo treinado para BTC
   Registros totais usados: 472
   Período: 2025-10-01 00:11:50+00:00 - 2025-10-06 13:35:29+00:00
   MAE: 2621.2912
   R² : -0.7120
   Traceback (most recent call last):
     File "C:\Users\web.atendimento\crypto_tech\model\train.py", line 73, in <module>
       run()
       ~~~^^
     File "C:\Users\web.atendimento\crypto_tech\model\train.py", line 70, in run
       train_for_symbol(df, symbol)
       ~~~~~~~~~~~~~~~~^^^^^^^^^^^^
     File "C:\Users\web.atendimento\crypto_tech\model\train.py", line 52, in train_for_symbol
       print(f"\u2705 Modelo salvo em {model_path}")
       ~~~~~^^^^^^^^^^^^^^^^^^^^^^^^^^^^^^^^^^^^
     File "C:\Users\web.atendimento\AppData\Local\Programs\Python\Python313\Lib\encodings\cp1252.py", line 19, in encode
       return codecs.charmap_encode(input,self.errors,encoding_table)[0]
              ~~~~~~~~~~~~~~~~~~~~~^^^^^^^^^^^^^^^^^^^^^^^^^^^^^^^^^^
   UnicodeEncodeError: 'charmap' codec can't encode character '\u2705' in position 0: character maps to <undefined>
[2025-10-06 10:36:05] ❌ Train falhou (exit=1).
[2025-10-06 10:36:35] 🚀 Iniciando ciclo ETL (Extract → Transform → Train → Predict)...
[2025-10-06 10:36:35] ➡️  Extract: C:\Users\web.atendimento\AppData\Local\Programs\Python\Python313\python.exe C:\Users\web.atendimento\crypto_tech\etl\extract.py
   [2025-10-06 10:36:36.115473] Iniciando extração única...
   [2025-10-06 10:36:36.593627] Dados salvos com sucesso.
[2025-10-06 10:36:36] ✅ Extract concluído com sucesso.
[2025-10-06 10:36:36] ➡️  Transform: C:\Users\web.atendimento\AppData\Local\Programs\Python\Python313\python.exe C:\Users\web.atendimento\crypto_tech\etl\transform.py
   [2025-10-06 10:36:37.269307] Features salvas com sucesso em: data/processed/crypto_features.parquet
   Total de registros: 2838
   Primeira data: 2025-10-01 00:11:50+00:00 | Última data: 2025-10-06 13:36:03+00:00
[2025-10-06 10:36:37] ✅ Transform concluído com sucesso.
[2025-10-06 10:36:37] 📦 Features atualizadas: 2025-10-06 10:36:37
[2025-10-06 10:36:37] ➡️  Train: C:\Users\web.atendimento\AppData\Local\Programs\Python\Python313\python.exe C:\Users\web.atendimento\crypto_tech\model\train.py
   
   [2025-10-06 10:36:38.936884] Iniciando treinamento...
   Total de registros no dataset: 2838
   Moedas disponíveis: ['btc', 'ada', 'eth', 'ltc', 'xrp', 'sol']
   
   [2025-10-06 10:36:39.150267] Modelo treinado para BTC
   Registros totais usados: 473
   Período: 2025-10-01 00:11:50+00:00 - 2025-10-06 13:36:03+00:00
   MAE: 2677.5413
   R² : -0.7487
   Traceback (most recent call last):
     File "C:\Users\web.atendimento\crypto_tech\model\train.py", line 73, in <module>
       run()
       ~~~^^
     File "C:\Users\web.atendimento\crypto_tech\model\train.py", line 70, in run
       train_for_symbol(df, symbol)
       ~~~~~~~~~~~~~~~~^^^^^^^^^^^^
     File "C:\Users\web.atendimento\crypto_tech\model\train.py", line 52, in train_for_symbol
       print(f"\u2705 Modelo salvo em {model_path}")
       ~~~~~^^^^^^^^^^^^^^^^^^^^^^^^^^^^^^^^^^^^
     File "C:\Users\web.atendimento\AppData\Local\Programs\Python\Python313\Lib\encodings\cp1252.py", line 19, in encode
       return codecs.charmap_encode(input,self.errors,encoding_table)[0]
              ~~~~~~~~~~~~~~~~~~~~~^^^^^^^^^^^^^^^^^^^^^^^^^^^^^^^^^^
   UnicodeEncodeError: 'charmap' codec can't encode character '\u2705' in position 0: character maps to <undefined>
[2025-10-06 10:36:39] ❌ Train falhou (exit=1).
[2025-10-06 10:37:09] 🚀 Iniciando ciclo ETL (Extract → Transform → Train → Predict)...
[2025-10-06 10:37:09] ➡️  Extract: C:\Users\web.atendimento\AppData\Local\Programs\Python\Python313\python.exe C:\Users\web.atendimento\crypto_tech\etl\extract.py
   [2025-10-06 10:37:09.594946] Iniciando extração única...
   [2025-10-06 10:37:09.901096] Dados salvos com sucesso.
[2025-10-06 10:37:09] ✅ Extract concluído com sucesso.
[2025-10-06 10:37:09] ➡️  Transform: C:\Users\web.atendimento\AppData\Local\Programs\Python\Python313\python.exe C:\Users\web.atendimento\crypto_tech\etl\transform.py
   [2025-10-06 10:37:10.537875] Features salvas com sucesso em: data/processed/crypto_features.parquet
   Total de registros: 2844
   Primeira data: 2025-10-01 00:11:50+00:00 | Última data: 2025-10-06 13:36:36+00:00
[2025-10-06 10:37:10] ✅ Transform concluído com sucesso.
[2025-10-06 10:37:10] 📦 Features atualizadas: 2025-10-06 10:37:10
[2025-10-06 10:37:10] ➡️  Train: C:\Users\web.atendimento\AppData\Local\Programs\Python\Python313\python.exe C:\Users\web.atendimento\crypto_tech\model\train.py
   
   [2025-10-06 10:37:12.139228] Iniciando treinamento...
   Total de registros no dataset: 2844
   Moedas disponíveis: ['btc', 'ada', 'eth', 'ltc', 'xrp', 'sol']
   
   [2025-10-06 10:37:12.366171] Modelo treinado para BTC
   Registros totais usados: 474
   Período: 2025-10-01 00:11:50+00:00 - 2025-10-06 13:36:36+00:00
   MAE: 2734.2920
   R² : -0.7872
   Traceback (most recent call last):
     File "C:\Users\web.atendimento\crypto_tech\model\train.py", line 73, in <module>
       run()
       ~~~^^
     File "C:\Users\web.atendimento\crypto_tech\model\train.py", line 70, in run
       train_for_symbol(df, symbol)
       ~~~~~~~~~~~~~~~~^^^^^^^^^^^^
     File "C:\Users\web.atendimento\crypto_tech\model\train.py", line 52, in train_for_symbol
       print(f"\u2705 Modelo salvo em {model_path}")
       ~~~~~^^^^^^^^^^^^^^^^^^^^^^^^^^^^^^^^^^^^
     File "C:\Users\web.atendimento\AppData\Local\Programs\Python\Python313\Lib\encodings\cp1252.py", line 19, in encode
       return codecs.charmap_encode(input,self.errors,encoding_table)[0]
              ~~~~~~~~~~~~~~~~~~~~~^^^^^^^^^^^^^^^^^^^^^^^^^^^^^^^^^^
   UnicodeEncodeError: 'charmap' codec can't encode character '\u2705' in position 0: character maps to <undefined>
[2025-10-06 10:37:12] ❌ Train falhou (exit=1).
[2025-10-06 10:37:42] 🚀 Iniciando ciclo ETL (Extract → Transform → Train → Predict)...
[2025-10-06 10:37:42] ➡️  Extract: C:\Users\web.atendimento\AppData\Local\Programs\Python\Python313\python.exe C:\Users\web.atendimento\crypto_tech\etl\extract.py
   [2025-10-06 10:37:42.901337] Iniciando extração única...
   [2025-10-06 10:37:43.384627] Dados salvos com sucesso.
[2025-10-06 10:37:43] ✅ Extract concluído com sucesso.
[2025-10-06 10:37:43] ➡️  Transform: C:\Users\web.atendimento\AppData\Local\Programs\Python\Python313\python.exe C:\Users\web.atendimento\crypto_tech\etl\transform.py
   [2025-10-06 10:37:44.021388] Features salvas com sucesso em: data/processed/crypto_features.parquet
   Total de registros: 2850
   Primeira data: 2025-10-01 00:11:50+00:00 | Última data: 2025-10-06 13:37:09+00:00
[2025-10-06 10:37:44] ✅ Transform concluído com sucesso.
[2025-10-06 10:37:44] 📦 Features atualizadas: 2025-10-06 10:37:44
[2025-10-06 10:37:44] ➡️  Train: C:\Users\web.atendimento\AppData\Local\Programs\Python\Python313\python.exe C:\Users\web.atendimento\crypto_tech\model\train.py
   
   [2025-10-06 10:37:45.589748] Iniciando treinamento...
   Total de registros no dataset: 2850
   Moedas disponíveis: ['btc', 'ada', 'eth', 'ltc', 'xrp', 'sol']
   
   [2025-10-06 10:37:45.810840] Modelo treinado para BTC
   Registros totais usados: 475
   Período: 2025-10-01 00:11:50+00:00 - 2025-10-06 13:37:09+00:00
   MAE: 2791.3496
   R² : -0.8275
   Traceback (most recent call last):
     File "C:\Users\web.atendimento\crypto_tech\model\train.py", line 73, in <module>
       run()
       ~~~^^
     File "C:\Users\web.atendimento\crypto_tech\model\train.py", line 70, in run
       train_for_symbol(df, symbol)
       ~~~~~~~~~~~~~~~~^^^^^^^^^^^^
     File "C:\Users\web.atendimento\crypto_tech\model\train.py", line 52, in train_for_symbol
       print(f"\u2705 Modelo salvo em {model_path}")
       ~~~~~^^^^^^^^^^^^^^^^^^^^^^^^^^^^^^^^^^^^
     File "C:\Users\web.atendimento\AppData\Local\Programs\Python\Python313\Lib\encodings\cp1252.py", line 19, in encode
       return codecs.charmap_encode(input,self.errors,encoding_table)[0]
              ~~~~~~~~~~~~~~~~~~~~~^^^^^^^^^^^^^^^^^^^^^^^^^^^^^^^^^^
   UnicodeEncodeError: 'charmap' codec can't encode character '\u2705' in position 0: character maps to <undefined>
[2025-10-06 10:37:46] ❌ Train falhou (exit=1).
[2025-10-06 10:38:16] 🚀 Iniciando ciclo ETL (Extract → Transform → Train → Predict)...
[2025-10-06 10:38:16] ➡️  Extract: C:\Users\web.atendimento\AppData\Local\Programs\Python\Python313\python.exe C:\Users\web.atendimento\crypto_tech\etl\extract.py
   [2025-10-06 10:38:16.263952] Iniciando extração única...
   [2025-10-06 10:38:16.558500] Dados salvos com sucesso.
[2025-10-06 10:38:16] ✅ Extract concluído com sucesso.
[2025-10-06 10:38:16] ➡️  Transform: C:\Users\web.atendimento\AppData\Local\Programs\Python\Python313\python.exe C:\Users\web.atendimento\crypto_tech\etl\transform.py
   [2025-10-06 10:38:17.206880] Features salvas com sucesso em: data/processed/crypto_features.parquet
   Total de registros: 2856
   Primeira data: 2025-10-01 00:11:50+00:00 | Última data: 2025-10-06 13:37:43+00:00
[2025-10-06 10:38:17] ✅ Transform concluído com sucesso.
[2025-10-06 10:38:17] 📦 Features atualizadas: 2025-10-06 10:38:17
[2025-10-06 10:38:17] ➡️  Train: C:\Users\web.atendimento\AppData\Local\Programs\Python\Python313\python.exe C:\Users\web.atendimento\crypto_tech\model\train.py
   
   [2025-10-06 10:38:18.766377] Iniciando treinamento...
   Total de registros no dataset: 2856
   Moedas disponíveis: ['btc', 'ada', 'eth', 'ltc', 'xrp', 'sol']
   
   [2025-10-06 10:38:18.970496] Modelo treinado para BTC
   Registros totais usados: 476
   Período: 2025-10-01 00:11:50+00:00 - 2025-10-06 13:37:43+00:00
   MAE: 2818.4470
   R² : -0.8467
   Traceback (most recent call last):
     File "C:\Users\web.atendimento\crypto_tech\model\train.py", line 73, in <module>
       run()
       ~~~^^
     File "C:\Users\web.atendimento\crypto_tech\model\train.py", line 70, in run
       train_for_symbol(df, symbol)
       ~~~~~~~~~~~~~~~~^^^^^^^^^^^^
     File "C:\Users\web.atendimento\crypto_tech\model\train.py", line 52, in train_for_symbol
       print(f"\u2705 Modelo salvo em {model_path}")
       ~~~~~^^^^^^^^^^^^^^^^^^^^^^^^^^^^^^^^^^^^
     File "C:\Users\web.atendimento\AppData\Local\Programs\Python\Python313\Lib\encodings\cp1252.py", line 19, in encode
       return codecs.charmap_encode(input,self.errors,encoding_table)[0]
              ~~~~~~~~~~~~~~~~~~~~~^^^^^^^^^^^^^^^^^^^^^^^^^^^^^^^^^^
   UnicodeEncodeError: 'charmap' codec can't encode character '\u2705' in position 0: character maps to <undefined>
[2025-10-06 10:38:19] ❌ Train falhou (exit=1).
[2025-10-06 10:38:49] 🚀 Iniciando ciclo ETL (Extract → Transform → Train → Predict)...
[2025-10-06 10:38:49] ➡️  Extract: C:\Users\web.atendimento\AppData\Local\Programs\Python\Python313\python.exe C:\Users\web.atendimento\crypto_tech\etl\extract.py
   [2025-10-06 10:38:49.436384] Iniciando extração única...
   [2025-10-06 10:38:49.892373] Dados salvos com sucesso.
[2025-10-06 10:38:49] ✅ Extract concluído com sucesso.
[2025-10-06 10:38:49] ➡️  Transform: C:\Users\web.atendimento\AppData\Local\Programs\Python\Python313\python.exe C:\Users\web.atendimento\crypto_tech\etl\transform.py
   [2025-10-06 10:38:50.549561] Features salvas com sucesso em: data/processed/crypto_features.parquet
   Total de registros: 2862
   Primeira data: 2025-10-01 00:11:50+00:00 | Última data: 2025-10-06 13:38:16+00:00
[2025-10-06 10:38:50] ✅ Transform concluído com sucesso.
[2025-10-06 10:38:50] 📦 Features atualizadas: 2025-10-06 10:38:50
[2025-10-06 10:38:50] ➡️  Train: C:\Users\web.atendimento\AppData\Local\Programs\Python\Python313\python.exe C:\Users\web.atendimento\crypto_tech\model\train.py
   
   [2025-10-06 10:38:52.114492] Iniciando treinamento...
   Total de registros no dataset: 2862
   Moedas disponíveis: ['btc', 'ada', 'eth', 'ltc', 'xrp', 'sol']
   
   [2025-10-06 10:38:52.321648] Modelo treinado para BTC
   Registros totais usados: 477
   Período: 2025-10-01 00:11:50+00:00 - 2025-10-06 13:38:16+00:00
   MAE: 2875.2671
   R² : -0.8894
   Traceback (most recent call last):
     File "C:\Users\web.atendimento\crypto_tech\model\train.py", line 73, in <module>
       run()
       ~~~^^
     File "C:\Users\web.atendimento\crypto_tech\model\train.py", line 70, in run
       train_for_symbol(df, symbol)
       ~~~~~~~~~~~~~~~~^^^^^^^^^^^^
     File "C:\Users\web.atendimento\crypto_tech\model\train.py", line 52, in train_for_symbol
       print(f"\u2705 Modelo salvo em {model_path}")
       ~~~~~^^^^^^^^^^^^^^^^^^^^^^^^^^^^^^^^^^^^
     File "C:\Users\web.atendimento\AppData\Local\Programs\Python\Python313\Lib\encodings\cp1252.py", line 19, in encode
       return codecs.charmap_encode(input,self.errors,encoding_table)[0]
              ~~~~~~~~~~~~~~~~~~~~~^^^^^^^^^^^^^^^^^^^^^^^^^^^^^^^^^^
   UnicodeEncodeError: 'charmap' codec can't encode character '\u2705' in position 0: character maps to <undefined>
[2025-10-06 10:38:52] ❌ Train falhou (exit=1).
[2025-10-06 10:39:22] 🚀 Iniciando ciclo ETL (Extract → Transform → Train → Predict)...
[2025-10-06 10:39:22] ➡️  Extract: C:\Users\web.atendimento\AppData\Local\Programs\Python\Python313\python.exe C:\Users\web.atendimento\crypto_tech\etl\extract.py
   [2025-10-06 10:39:22.791722] Iniciando extração única...
   [2025-10-06 10:39:23.092423] Dados salvos com sucesso.
[2025-10-06 10:39:23] ✅ Extract concluído com sucesso.
[2025-10-06 10:39:23] ➡️  Transform: C:\Users\web.atendimento\AppData\Local\Programs\Python\Python313\python.exe C:\Users\web.atendimento\crypto_tech\etl\transform.py
   [2025-10-06 10:39:23.759172] Features salvas com sucesso em: data/processed/crypto_features.parquet
   Total de registros: 2868
   Primeira data: 2025-10-01 00:11:50+00:00 | Última data: 2025-10-06 13:38:49+00:00
[2025-10-06 10:39:23] ✅ Transform concluído com sucesso.
[2025-10-06 10:39:23] 📦 Features atualizadas: 2025-10-06 10:39:23
[2025-10-06 10:39:23] ➡️  Train: C:\Users\web.atendimento\AppData\Local\Programs\Python\Python313\python.exe C:\Users\web.atendimento\crypto_tech\model\train.py
   
   [2025-10-06 10:39:25.362253] Iniciando treinamento...
   Total de registros no dataset: 2868
   Moedas disponíveis: ['btc', 'ada', 'eth', 'ltc', 'xrp', 'sol']
   
   [2025-10-06 10:39:25.612588] Modelo treinado para BTC
   Registros totais usados: 478
   Período: 2025-10-01 00:11:50+00:00 - 2025-10-06 13:38:49+00:00
   MAE: 2931.8932
   R² : -0.9330
   Traceback (most recent call last):
     File "C:\Users\web.atendimento\crypto_tech\model\train.py", line 73, in <module>
       run()
       ~~~^^
     File "C:\Users\web.atendimento\crypto_tech\model\train.py", line 70, in run
       train_for_symbol(df, symbol)
       ~~~~~~~~~~~~~~~~^^^^^^^^^^^^
     File "C:\Users\web.atendimento\crypto_tech\model\train.py", line 52, in train_for_symbol
       print(f"\u2705 Modelo salvo em {model_path}")
       ~~~~~^^^^^^^^^^^^^^^^^^^^^^^^^^^^^^^^^^^^
     File "C:\Users\web.atendimento\AppData\Local\Programs\Python\Python313\Lib\encodings\cp1252.py", line 19, in encode
       return codecs.charmap_encode(input,self.errors,encoding_table)[0]
              ~~~~~~~~~~~~~~~~~~~~~^^^^^^^^^^^^^^^^^^^^^^^^^^^^^^^^^^
   UnicodeEncodeError: 'charmap' codec can't encode character '\u2705' in position 0: character maps to <undefined>
[2025-10-06 10:39:25] ❌ Train falhou (exit=1).
[2025-10-06 10:39:55] 🚀 Iniciando ciclo ETL (Extract → Transform → Train → Predict)...
[2025-10-06 10:39:55] ➡️  Extract: C:\Users\web.atendimento\AppData\Local\Programs\Python\Python313\python.exe C:\Users\web.atendimento\crypto_tech\etl\extract.py
   [2025-10-06 10:39:56.090627] Iniciando extração única...
   [2025-10-06 10:39:56.564763] Dados salvos com sucesso.
[2025-10-06 10:39:56] ✅ Extract concluído com sucesso.
[2025-10-06 10:39:56] ➡️  Transform: C:\Users\web.atendimento\AppData\Local\Programs\Python\Python313\python.exe C:\Users\web.atendimento\crypto_tech\etl\transform.py
   [2025-10-06 10:39:57.239252] Features salvas com sucesso em: data/processed/crypto_features.parquet
   Total de registros: 2874
   Primeira data: 2025-10-01 00:11:50+00:00 | Última data: 2025-10-06 13:39:23+00:00
[2025-10-06 10:39:57] ✅ Transform concluído com sucesso.
[2025-10-06 10:39:57] 📦 Features atualizadas: 2025-10-06 10:39:57
[2025-10-06 10:39:57] ➡️  Train: C:\Users\web.atendimento\AppData\Local\Programs\Python\Python313\python.exe C:\Users\web.atendimento\crypto_tech\model\train.py
   
   [2025-10-06 10:39:58.907918] Iniciando treinamento...
   Total de registros no dataset: 2874
   Moedas disponíveis: ['btc', 'ada', 'eth', 'ltc', 'xrp', 'sol']
   
   [2025-10-06 10:39:59.153932] Modelo treinado para BTC
   Registros totais usados: 479
   Período: 2025-10-01 00:11:50+00:00 - 2025-10-06 13:39:23+00:00
   MAE: 2991.1974
   R² : -0.9811
   Traceback (most recent call last):
     File "C:\Users\web.atendimento\crypto_tech\model\train.py", line 73, in <module>
       run()
       ~~~^^
     File "C:\Users\web.atendimento\crypto_tech\model\train.py", line 70, in run
       train_for_symbol(df, symbol)
       ~~~~~~~~~~~~~~~~^^^^^^^^^^^^
     File "C:\Users\web.atendimento\crypto_tech\model\train.py", line 52, in train_for_symbol
       print(f"\u2705 Modelo salvo em {model_path}")
       ~~~~~^^^^^^^^^^^^^^^^^^^^^^^^^^^^^^^^^^^^
     File "C:\Users\web.atendimento\AppData\Local\Programs\Python\Python313\Lib\encodings\cp1252.py", line 19, in encode
       return codecs.charmap_encode(input,self.errors,encoding_table)[0]
              ~~~~~~~~~~~~~~~~~~~~~^^^^^^^^^^^^^^^^^^^^^^^^^^^^^^^^^^
   UnicodeEncodeError: 'charmap' codec can't encode character '\u2705' in position 0: character maps to <undefined>
[2025-10-06 10:39:59] ❌ Train falhou (exit=1).
[2025-10-06 10:40:29] 🚀 Iniciando ciclo ETL (Extract → Transform → Train → Predict)...
[2025-10-06 10:40:29] ➡️  Extract: C:\Users\web.atendimento\AppData\Local\Programs\Python\Python313\python.exe C:\Users\web.atendimento\crypto_tech\etl\extract.py
   [2025-10-06 10:40:29.616885] Iniciando extração única...
   [2025-10-06 10:40:29.913112] Dados salvos com sucesso.
[2025-10-06 10:40:29] ✅ Extract concluído com sucesso.
[2025-10-06 10:40:29] ➡️  Transform: C:\Users\web.atendimento\AppData\Local\Programs\Python\Python313\python.exe C:\Users\web.atendimento\crypto_tech\etl\transform.py
   [2025-10-06 10:40:30.562659] Features salvas com sucesso em: data/processed/crypto_features.parquet
   Total de registros: 2880
   Primeira data: 2025-10-01 00:11:50+00:00 | Última data: 2025-10-06 13:39:56+00:00
[2025-10-06 10:40:30] ✅ Transform concluído com sucesso.
[2025-10-06 10:40:30] 📦 Features atualizadas: 2025-10-06 10:40:30
[2025-10-06 10:40:30] ➡️  Train: C:\Users\web.atendimento\AppData\Local\Programs\Python\Python313\python.exe C:\Users\web.atendimento\crypto_tech\model\train.py
   
   [2025-10-06 10:40:32.195448] Iniciando treinamento...
   Total de registros no dataset: 2880
   Moedas disponíveis: ['btc', 'ada', 'eth', 'ltc', 'xrp', 'sol']
   
   [2025-10-06 10:40:32.421664] Modelo treinado para BTC
   Registros totais usados: 480
   Período: 2025-10-01 00:11:50+00:00 - 2025-10-06 13:39:56+00:00
   MAE: 3048.3639
   R² : -1.0287
   Traceback (most recent call last):
     File "C:\Users\web.atendimento\crypto_tech\model\train.py", line 73, in <module>
       run()
       ~~~^^
     File "C:\Users\web.atendimento\crypto_tech\model\train.py", line 70, in run
       train_for_symbol(df, symbol)
       ~~~~~~~~~~~~~~~~^^^^^^^^^^^^
     File "C:\Users\web.atendimento\crypto_tech\model\train.py", line 52, in train_for_symbol
       print(f"\u2705 Modelo salvo em {model_path}")
       ~~~~~^^^^^^^^^^^^^^^^^^^^^^^^^^^^^^^^^^^^
     File "C:\Users\web.atendimento\AppData\Local\Programs\Python\Python313\Lib\encodings\cp1252.py", line 19, in encode
       return codecs.charmap_encode(input,self.errors,encoding_table)[0]
              ~~~~~~~~~~~~~~~~~~~~~^^^^^^^^^^^^^^^^^^^^^^^^^^^^^^^^^^
   UnicodeEncodeError: 'charmap' codec can't encode character '\u2705' in position 0: character maps to <undefined>
[2025-10-06 10:40:32] ❌ Train falhou (exit=1).
[2025-10-06 10:41:02] 🚀 Iniciando ciclo ETL (Extract → Transform → Train → Predict)...
[2025-10-06 10:41:02] ➡️  Extract: C:\Users\web.atendimento\AppData\Local\Programs\Python\Python313\python.exe C:\Users\web.atendimento\crypto_tech\etl\extract.py
   [2025-10-06 10:41:02.884688] Iniciando extração única...
   [2025-10-06 10:41:03.328470] Dados salvos com sucesso.
[2025-10-06 10:41:03] ✅ Extract concluído com sucesso.
[2025-10-06 10:41:03] ➡️  Transform: C:\Users\web.atendimento\AppData\Local\Programs\Python\Python313\python.exe C:\Users\web.atendimento\crypto_tech\etl\transform.py
   [2025-10-06 10:41:03.963262] Features salvas com sucesso em: data/processed/crypto_features.parquet
   Total de registros: 2886
   Primeira data: 2025-10-01 00:11:50+00:00 | Última data: 2025-10-06 13:40:29+00:00
[2025-10-06 10:41:04] ✅ Transform concluído com sucesso.
[2025-10-06 10:41:04] 📦 Features atualizadas: 2025-10-06 10:41:03
[2025-10-06 10:41:04] ➡️  Train: C:\Users\web.atendimento\AppData\Local\Programs\Python\Python313\python.exe C:\Users\web.atendimento\crypto_tech\model\train.py
   
   [2025-10-06 10:41:05.525720] Iniciando treinamento...
   Total de registros no dataset: 2886
   Moedas disponíveis: ['btc', 'ada', 'eth', 'ltc', 'xrp', 'sol']
   
   [2025-10-06 10:41:05.734996] Modelo treinado para BTC
   Registros totais usados: 481
   Período: 2025-10-01 00:11:50+00:00 - 2025-10-06 13:40:29+00:00
   MAE: 3075.2930
   R² : -1.0499
   Traceback (most recent call last):
     File "C:\Users\web.atendimento\crypto_tech\model\train.py", line 73, in <module>
       run()
       ~~~^^
     File "C:\Users\web.atendimento\crypto_tech\model\train.py", line 70, in run
       train_for_symbol(df, symbol)
       ~~~~~~~~~~~~~~~~^^^^^^^^^^^^
     File "C:\Users\web.atendimento\crypto_tech\model\train.py", line 52, in train_for_symbol
       print(f"\u2705 Modelo salvo em {model_path}")
       ~~~~~^^^^^^^^^^^^^^^^^^^^^^^^^^^^^^^^^^^^
     File "C:\Users\web.atendimento\AppData\Local\Programs\Python\Python313\Lib\encodings\cp1252.py", line 19, in encode
       return codecs.charmap_encode(input,self.errors,encoding_table)[0]
              ~~~~~~~~~~~~~~~~~~~~~^^^^^^^^^^^^^^^^^^^^^^^^^^^^^^^^^^
   UnicodeEncodeError: 'charmap' codec can't encode character '\u2705' in position 0: character maps to <undefined>
[2025-10-06 10:41:05] ❌ Train falhou (exit=1).
[2025-10-06 10:41:35] 🚀 Iniciando ciclo ETL (Extract → Transform → Train → Predict)...
[2025-10-06 10:41:35] ➡️  Extract: C:\Users\web.atendimento\AppData\Local\Programs\Python\Python313\python.exe C:\Users\web.atendimento\crypto_tech\etl\extract.py
   [2025-10-06 10:41:36.191865] Iniciando extração única...
   [2025-10-06 10:41:36.492451] Dados salvos com sucesso.
[2025-10-06 10:41:36] ✅ Extract concluído com sucesso.
[2025-10-06 10:41:36] ➡️  Transform: C:\Users\web.atendimento\AppData\Local\Programs\Python\Python313\python.exe C:\Users\web.atendimento\crypto_tech\etl\transform.py
   [2025-10-06 10:41:37.128781] Features salvas com sucesso em: data/processed/crypto_features.parquet
   Total de registros: 2892
   Primeira data: 2025-10-01 00:11:50+00:00 | Última data: 2025-10-06 13:41:03+00:00
[2025-10-06 10:41:37] ✅ Transform concluído com sucesso.
[2025-10-06 10:41:37] 📦 Features atualizadas: 2025-10-06 10:41:37
[2025-10-06 10:41:37] ➡️  Train: C:\Users\web.atendimento\AppData\Local\Programs\Python\Python313\python.exe C:\Users\web.atendimento\crypto_tech\model\train.py
   
   [2025-10-06 10:41:38.700719] Iniciando treinamento...
   Total de registros no dataset: 2892
   Moedas disponíveis: ['btc', 'ada', 'eth', 'ltc', 'xrp', 'sol']
   
   [2025-10-06 10:41:38.924277] Modelo treinado para BTC
   Registros totais usados: 482
   Período: 2025-10-01 00:11:50+00:00 - 2025-10-06 13:41:03+00:00
   MAE: 3134.2870
   R² : -1.1028
   Traceback (most recent call last):
     File "C:\Users\web.atendimento\crypto_tech\model\train.py", line 73, in <module>
       run()
       ~~~^^
     File "C:\Users\web.atendimento\crypto_tech\model\train.py", line 70, in run
       train_for_symbol(df, symbol)
       ~~~~~~~~~~~~~~~~^^^^^^^^^^^^
     File "C:\Users\web.atendimento\crypto_tech\model\train.py", line 52, in train_for_symbol
       print(f"\u2705 Modelo salvo em {model_path}")
       ~~~~~^^^^^^^^^^^^^^^^^^^^^^^^^^^^^^^^^^^^
     File "C:\Users\web.atendimento\AppData\Local\Programs\Python\Python313\Lib\encodings\cp1252.py", line 19, in encode
       return codecs.charmap_encode(input,self.errors,encoding_table)[0]
              ~~~~~~~~~~~~~~~~~~~~~^^^^^^^^^^^^^^^^^^^^^^^^^^^^^^^^^^
   UnicodeEncodeError: 'charmap' codec can't encode character '\u2705' in position 0: character maps to <undefined>
[2025-10-06 10:41:39] ❌ Train falhou (exit=1).
[2025-10-06 10:42:09] 🚀 Iniciando ciclo ETL (Extract → Transform → Train → Predict)...
[2025-10-06 10:42:09] ➡️  Extract: C:\Users\web.atendimento\AppData\Local\Programs\Python\Python313\python.exe C:\Users\web.atendimento\crypto_tech\etl\extract.py
   [2025-10-06 10:42:09.374427] Iniciando extração única...
   [2025-10-06 10:42:09.860986] Dados salvos com sucesso.
[2025-10-06 10:42:09] ✅ Extract concluído com sucesso.
[2025-10-06 10:42:09] ➡️  Transform: C:\Users\web.atendimento\AppData\Local\Programs\Python\Python313\python.exe C:\Users\web.atendimento\crypto_tech\etl\transform.py
   [2025-10-06 10:42:10.496432] Features salvas com sucesso em: data/processed/crypto_features.parquet
   Total de registros: 2898
   Primeira data: 2025-10-01 00:11:50+00:00 | Última data: 2025-10-06 13:41:36+00:00
[2025-10-06 10:42:10] ✅ Transform concluído com sucesso.
[2025-10-06 10:42:10] 📦 Features atualizadas: 2025-10-06 10:42:10
[2025-10-06 10:42:10] ➡️  Train: C:\Users\web.atendimento\AppData\Local\Programs\Python\Python313\python.exe C:\Users\web.atendimento\crypto_tech\model\train.py
   
   [2025-10-06 10:42:12.033359] Iniciando treinamento...
   Total de registros no dataset: 2898
   Moedas disponíveis: ['btc', 'ada', 'eth', 'ltc', 'xrp', 'sol']
   
   [2025-10-06 10:42:12.253750] Modelo treinado para BTC
   Registros totais usados: 483
   Período: 2025-10-01 00:11:50+00:00 - 2025-10-06 13:41:36+00:00
   MAE: 3191.7208
   R² : -1.1566
   Traceback (most recent call last):
     File "C:\Users\web.atendimento\crypto_tech\model\train.py", line 73, in <module>
       run()
       ~~~^^
     File "C:\Users\web.atendimento\crypto_tech\model\train.py", line 70, in run
       train_for_symbol(df, symbol)
       ~~~~~~~~~~~~~~~~^^^^^^^^^^^^
     File "C:\Users\web.atendimento\crypto_tech\model\train.py", line 52, in train_for_symbol
       print(f"\u2705 Modelo salvo em {model_path}")
       ~~~~~^^^^^^^^^^^^^^^^^^^^^^^^^^^^^^^^^^^^
     File "C:\Users\web.atendimento\AppData\Local\Programs\Python\Python313\Lib\encodings\cp1252.py", line 19, in encode
       return codecs.charmap_encode(input,self.errors,encoding_table)[0]
              ~~~~~~~~~~~~~~~~~~~~~^^^^^^^^^^^^^^^^^^^^^^^^^^^^^^^^^^
   UnicodeEncodeError: 'charmap' codec can't encode character '\u2705' in position 0: character maps to <undefined>
[2025-10-06 10:42:12] ❌ Train falhou (exit=1).
[2025-10-06 10:42:42] 🚀 Iniciando ciclo ETL (Extract → Transform → Train → Predict)...
[2025-10-06 10:42:42] ➡️  Extract: C:\Users\web.atendimento\AppData\Local\Programs\Python\Python313\python.exe C:\Users\web.atendimento\crypto_tech\etl\extract.py
   [2025-10-06 10:42:42.728268] Iniciando extração única...
   [2025-10-06 10:42:43.022445] Dados salvos com sucesso.
[2025-10-06 10:42:43] ✅ Extract concluído com sucesso.
[2025-10-06 10:42:43] ➡️  Transform: C:\Users\web.atendimento\AppData\Local\Programs\Python\Python313\python.exe C:\Users\web.atendimento\crypto_tech\etl\transform.py
   [2025-10-06 10:42:43.651820] Features salvas com sucesso em: data/processed/crypto_features.parquet
   Total de registros: 2904
   Primeira data: 2025-10-01 00:11:50+00:00 | Última data: 2025-10-06 13:42:09+00:00
[2025-10-06 10:42:43] ✅ Transform concluído com sucesso.
[2025-10-06 10:42:43] 📦 Features atualizadas: 2025-10-06 10:42:43
[2025-10-06 10:42:43] ➡️  Train: C:\Users\web.atendimento\AppData\Local\Programs\Python\Python313\python.exe C:\Users\web.atendimento\crypto_tech\model\train.py
   
   [2025-10-06 10:42:45.217778] Iniciando treinamento...
   Total de registros no dataset: 2904
   Moedas disponíveis: ['btc', 'ada', 'eth', 'ltc', 'xrp', 'sol']
   
   [2025-10-06 10:42:45.443602] Modelo treinado para BTC
   Registros totais usados: 484
   Período: 2025-10-01 00:11:50+00:00 - 2025-10-06 13:42:09+00:00
   MAE: 3249.8156
   R² : -1.2147
   Traceback (most recent call last):
     File "C:\Users\web.atendimento\crypto_tech\model\train.py", line 73, in <module>
       run()
       ~~~^^
     File "C:\Users\web.atendimento\crypto_tech\model\train.py", line 70, in run
       train_for_symbol(df, symbol)
       ~~~~~~~~~~~~~~~~^^^^^^^^^^^^
     File "C:\Users\web.atendimento\crypto_tech\model\train.py", line 52, in train_for_symbol
       print(f"\u2705 Modelo salvo em {model_path}")
       ~~~~~^^^^^^^^^^^^^^^^^^^^^^^^^^^^^^^^^^^^
     File "C:\Users\web.atendimento\AppData\Local\Programs\Python\Python313\Lib\encodings\cp1252.py", line 19, in encode
       return codecs.charmap_encode(input,self.errors,encoding_table)[0]
              ~~~~~~~~~~~~~~~~~~~~~^^^^^^^^^^^^^^^^^^^^^^^^^^^^^^^^^^
   UnicodeEncodeError: 'charmap' codec can't encode character '\u2705' in position 0: character maps to <undefined>
[2025-10-06 10:42:45] ❌ Train falhou (exit=1).
[2025-10-06 10:43:15] 🚀 Iniciando ciclo ETL (Extract → Transform → Train → Predict)...
[2025-10-06 10:43:15] ➡️  Extract: C:\Users\web.atendimento\AppData\Local\Programs\Python\Python313\python.exe C:\Users\web.atendimento\crypto_tech\etl\extract.py
   [2025-10-06 10:43:15.920601] Iniciando extração única...
   [2025-10-06 10:43:16.379200] Dados salvos com sucesso.
[2025-10-06 10:43:16] ✅ Extract concluído com sucesso.
[2025-10-06 10:43:16] ➡️  Transform: C:\Users\web.atendimento\AppData\Local\Programs\Python\Python313\python.exe C:\Users\web.atendimento\crypto_tech\etl\transform.py
   [2025-10-06 10:43:17.009405] Features salvas com sucesso em: data/processed/crypto_features.parquet
   Total de registros: 2910
   Primeira data: 2025-10-01 00:11:50+00:00 | Última data: 2025-10-06 13:42:43+00:00
[2025-10-06 10:43:17] ✅ Transform concluído com sucesso.
[2025-10-06 10:43:17] 📦 Features atualizadas: 2025-10-06 10:43:17
[2025-10-06 10:43:17] ➡️  Train: C:\Users\web.atendimento\AppData\Local\Programs\Python\Python313\python.exe C:\Users\web.atendimento\crypto_tech\model\train.py
   
   [2025-10-06 10:43:18.571063] Iniciando treinamento...
   Total de registros no dataset: 2910
   Moedas disponíveis: ['btc', 'ada', 'eth', 'ltc', 'xrp', 'sol']
   
   [2025-10-06 10:43:18.788523] Modelo treinado para BTC
   Registros totais usados: 485
   Período: 2025-10-01 00:11:50+00:00 - 2025-10-06 13:42:43+00:00
   MAE: 3307.1563
   R² : -1.2759
   Traceback (most recent call last):
     File "C:\Users\web.atendimento\crypto_tech\model\train.py", line 73, in <module>
       run()
       ~~~^^
     File "C:\Users\web.atendimento\crypto_tech\model\train.py", line 70, in run
       train_for_symbol(df, symbol)
       ~~~~~~~~~~~~~~~~^^^^^^^^^^^^
     File "C:\Users\web.atendimento\crypto_tech\model\train.py", line 52, in train_for_symbol
       print(f"\u2705 Modelo salvo em {model_path}")
       ~~~~~^^^^^^^^^^^^^^^^^^^^^^^^^^^^^^^^^^^^
     File "C:\Users\web.atendimento\AppData\Local\Programs\Python\Python313\Lib\encodings\cp1252.py", line 19, in encode
       return codecs.charmap_encode(input,self.errors,encoding_table)[0]
              ~~~~~~~~~~~~~~~~~~~~~^^^^^^^^^^^^^^^^^^^^^^^^^^^^^^^^^^
   UnicodeEncodeError: 'charmap' codec can't encode character '\u2705' in position 0: character maps to <undefined>
[2025-10-06 10:43:19] ❌ Train falhou (exit=1).
[2025-10-06 10:43:49] 🚀 Iniciando ciclo ETL (Extract → Transform → Train → Predict)...
[2025-10-06 10:43:49] ➡️  Extract: C:\Users\web.atendimento\AppData\Local\Programs\Python\Python313\python.exe C:\Users\web.atendimento\crypto_tech\etl\extract.py
   [2025-10-06 10:43:49.242780] Iniciando extração única...
   [2025-10-06 10:43:49.520341] Dados salvos com sucesso.
[2025-10-06 10:43:49] ✅ Extract concluído com sucesso.
[2025-10-06 10:43:49] ➡️  Transform: C:\Users\web.atendimento\AppData\Local\Programs\Python\Python313\python.exe C:\Users\web.atendimento\crypto_tech\etl\transform.py
   [2025-10-06 10:43:50.189952] Features salvas com sucesso em: data/processed/crypto_features.parquet
   Total de registros: 2916
   Primeira data: 2025-10-01 00:11:50+00:00 | Última data: 2025-10-06 13:43:16+00:00
[2025-10-06 10:43:50] ✅ Transform concluído com sucesso.
[2025-10-06 10:43:50] 📦 Features atualizadas: 2025-10-06 10:43:50
[2025-10-06 10:43:50] ➡️  Train: C:\Users\web.atendimento\AppData\Local\Programs\Python\Python313\python.exe C:\Users\web.atendimento\crypto_tech\model\train.py
   
   [2025-10-06 10:43:51.740386] Iniciando treinamento...
   Total de registros no dataset: 2916
   Moedas disponíveis: ['btc', 'ada', 'eth', 'ltc', 'xrp', 'sol']
   
   [2025-10-06 10:43:51.964778] Modelo treinado para BTC
   Registros totais usados: 486
   Período: 2025-10-01 00:11:50+00:00 - 2025-10-06 13:43:16+00:00
   MAE: 3330.5102
   R² : -1.2994
   Traceback (most recent call last):
     File "C:\Users\web.atendimento\crypto_tech\model\train.py", line 73, in <module>
       run()
       ~~~^^
     File "C:\Users\web.atendimento\crypto_tech\model\train.py", line 70, in run
       train_for_symbol(df, symbol)
       ~~~~~~~~~~~~~~~~^^^^^^^^^^^^
     File "C:\Users\web.atendimento\crypto_tech\model\train.py", line 52, in train_for_symbol
       print(f"\u2705 Modelo salvo em {model_path}")
       ~~~~~^^^^^^^^^^^^^^^^^^^^^^^^^^^^^^^^^^^^
     File "C:\Users\web.atendimento\AppData\Local\Programs\Python\Python313\Lib\encodings\cp1252.py", line 19, in encode
       return codecs.charmap_encode(input,self.errors,encoding_table)[0]
              ~~~~~~~~~~~~~~~~~~~~~^^^^^^^^^^^^^^^^^^^^^^^^^^^^^^^^^^
   UnicodeEncodeError: 'charmap' codec can't encode character '\u2705' in position 0: character maps to <undefined>
[2025-10-06 10:43:52] ❌ Train falhou (exit=1).
[2025-10-06 10:44:22] 🚀 Iniciando ciclo ETL (Extract → Transform → Train → Predict)...
[2025-10-06 10:44:22] ➡️  Extract: C:\Users\web.atendimento\AppData\Local\Programs\Python\Python313\python.exe C:\Users\web.atendimento\crypto_tech\etl\extract.py
   [2025-10-06 10:44:22.425700] Iniciando extração única...
   [2025-10-06 10:44:22.886926] Dados salvos com sucesso.
[2025-10-06 10:44:22] ✅ Extract concluído com sucesso.
[2025-10-06 10:44:22] ➡️  Transform: C:\Users\web.atendimento\AppData\Local\Programs\Python\Python313\python.exe C:\Users\web.atendimento\crypto_tech\etl\transform.py
   [2025-10-06 10:44:23.528196] Features salvas com sucesso em: data/processed/crypto_features.parquet
   Total de registros: 2922
   Primeira data: 2025-10-01 00:11:50+00:00 | Última data: 2025-10-06 13:43:49+00:00
[2025-10-06 10:44:23] ✅ Transform concluído com sucesso.
[2025-10-06 10:44:23] 📦 Features atualizadas: 2025-10-06 10:44:23
[2025-10-06 10:44:23] ➡️  Train: C:\Users\web.atendimento\AppData\Local\Programs\Python\Python313\python.exe C:\Users\web.atendimento\crypto_tech\model\train.py
   
   [2025-10-06 10:44:25.225928] Iniciando treinamento...
   Total de registros no dataset: 2922
   Moedas disponíveis: ['btc', 'ada', 'eth', 'ltc', 'xrp', 'sol']
   
   [2025-10-06 10:44:25.464489] Modelo treinado para BTC
   Registros totais usados: 487
   Período: 2025-10-01 00:11:50+00:00 - 2025-10-06 13:43:49+00:00
   MAE: 3387.2940
   R² : -1.3653
   Traceback (most recent call last):
     File "C:\Users\web.atendimento\crypto_tech\model\train.py", line 73, in <module>
       run()
       ~~~^^
     File "C:\Users\web.atendimento\crypto_tech\model\train.py", line 70, in run
       train_for_symbol(df, symbol)
       ~~~~~~~~~~~~~~~~^^^^^^^^^^^^
     File "C:\Users\web.atendimento\crypto_tech\model\train.py", line 52, in train_for_symbol
       print(f"\u2705 Modelo salvo em {model_path}")
       ~~~~~^^^^^^^^^^^^^^^^^^^^^^^^^^^^^^^^^^^^
     File "C:\Users\web.atendimento\AppData\Local\Programs\Python\Python313\Lib\encodings\cp1252.py", line 19, in encode
       return codecs.charmap_encode(input,self.errors,encoding_table)[0]
              ~~~~~~~~~~~~~~~~~~~~~^^^^^^^^^^^^^^^^^^^^^^^^^^^^^^^^^^
   UnicodeEncodeError: 'charmap' codec can't encode character '\u2705' in position 0: character maps to <undefined>
[2025-10-06 10:44:25] ❌ Train falhou (exit=1).
[2025-10-06 10:44:55] 🚀 Iniciando ciclo ETL (Extract → Transform → Train → Predict)...
[2025-10-06 10:44:55] ➡️  Extract: C:\Users\web.atendimento\AppData\Local\Programs\Python\Python313\python.exe C:\Users\web.atendimento\crypto_tech\etl\extract.py
   [2025-10-06 10:44:55.929606] Iniciando extração única...
   [2025-10-06 10:44:56.221248] Dados salvos com sucesso.
[2025-10-06 10:44:56] ✅ Extract concluído com sucesso.
[2025-10-06 10:44:56] ➡️  Transform: C:\Users\web.atendimento\AppData\Local\Programs\Python\Python313\python.exe C:\Users\web.atendimento\crypto_tech\etl\transform.py
   [2025-10-06 10:44:56.896655] Features salvas com sucesso em: data/processed/crypto_features.parquet
   Total de registros: 2928
   Primeira data: 2025-10-01 00:11:50+00:00 | Última data: 2025-10-06 13:44:22+00:00
[2025-10-06 10:44:56] ✅ Transform concluído com sucesso.
[2025-10-06 10:44:56] 📦 Features atualizadas: 2025-10-06 10:44:56
[2025-10-06 10:44:56] ➡️  Train: C:\Users\web.atendimento\AppData\Local\Programs\Python\Python313\python.exe C:\Users\web.atendimento\crypto_tech\model\train.py
   
   [2025-10-06 10:44:58.563358] Iniciando treinamento...
   Total de registros no dataset: 2928
   Moedas disponíveis: ['btc', 'ada', 'eth', 'ltc', 'xrp', 'sol']
   
   [2025-10-06 10:44:58.812251] Modelo treinado para BTC
   Registros totais usados: 488
   Período: 2025-10-01 00:11:50+00:00 - 2025-10-06 13:44:22+00:00
   MAE: 3443.1574
   R² : -1.4341
   Traceback (most recent call last):
     File "C:\Users\web.atendimento\crypto_tech\model\train.py", line 73, in <module>
       run()
       ~~~^^
     File "C:\Users\web.atendimento\crypto_tech\model\train.py", line 70, in run
       train_for_symbol(df, symbol)
       ~~~~~~~~~~~~~~~~^^^^^^^^^^^^
     File "C:\Users\web.atendimento\crypto_tech\model\train.py", line 52, in train_for_symbol
       print(f"\u2705 Modelo salvo em {model_path}")
       ~~~~~^^^^^^^^^^^^^^^^^^^^^^^^^^^^^^^^^^^^
     File "C:\Users\web.atendimento\AppData\Local\Programs\Python\Python313\Lib\encodings\cp1252.py", line 19, in encode
       return codecs.charmap_encode(input,self.errors,encoding_table)[0]
              ~~~~~~~~~~~~~~~~~~~~~^^^^^^^^^^^^^^^^^^^^^^^^^^^^^^^^^^
   UnicodeEncodeError: 'charmap' codec can't encode character '\u2705' in position 0: character maps to <undefined>
[2025-10-06 10:44:59] ❌ Train falhou (exit=1).
[2025-10-06 10:45:29] 🚀 Iniciando ciclo ETL (Extract → Transform → Train → Predict)...
[2025-10-06 10:45:29] ➡️  Extract: C:\Users\web.atendimento\AppData\Local\Programs\Python\Python313\python.exe C:\Users\web.atendimento\crypto_tech\etl\extract.py
   [2025-10-06 10:45:29.269149] Iniciando extração única...
   [2025-10-06 10:45:29.731665] Dados salvos com sucesso.
[2025-10-06 10:45:29] ✅ Extract concluído com sucesso.
[2025-10-06 10:45:29] ➡️  Transform: C:\Users\web.atendimento\AppData\Local\Programs\Python\Python313\python.exe C:\Users\web.atendimento\crypto_tech\etl\transform.py
   [2025-10-06 10:45:30.374808] Features salvas com sucesso em: data/processed/crypto_features.parquet
   Total de registros: 2934
   Primeira data: 2025-10-01 00:11:50+00:00 | Última data: 2025-10-06 13:44:56+00:00
[2025-10-06 10:45:30] ✅ Transform concluído com sucesso.
[2025-10-06 10:45:30] 📦 Features atualizadas: 2025-10-06 10:45:30
[2025-10-06 10:45:30] ➡️  Train: C:\Users\web.atendimento\AppData\Local\Programs\Python\Python313\python.exe C:\Users\web.atendimento\crypto_tech\model\train.py
   
   [2025-10-06 10:45:31.999395] Iniciando treinamento...
   Total de registros no dataset: 2934
   Moedas disponíveis: ['btc', 'ada', 'eth', 'ltc', 'xrp', 'sol']
   
   [2025-10-06 10:45:32.216729] Modelo treinado para BTC
   Registros totais usados: 489
   Período: 2025-10-01 00:11:50+00:00 - 2025-10-06 13:44:56+00:00
   MAE: 3497.8307
   R² : -1.5076
   Traceback (most recent call last):
     File "C:\Users\web.atendimento\crypto_tech\model\train.py", line 73, in <module>
       run()
       ~~~^^
     File "C:\Users\web.atendimento\crypto_tech\model\train.py", line 70, in run
       train_for_symbol(df, symbol)
       ~~~~~~~~~~~~~~~~^^^^^^^^^^^^
     File "C:\Users\web.atendimento\crypto_tech\model\train.py", line 52, in train_for_symbol
       print(f"\u2705 Modelo salvo em {model_path}")
       ~~~~~^^^^^^^^^^^^^^^^^^^^^^^^^^^^^^^^^^^^
     File "C:\Users\web.atendimento\AppData\Local\Programs\Python\Python313\Lib\encodings\cp1252.py", line 19, in encode
       return codecs.charmap_encode(input,self.errors,encoding_table)[0]
              ~~~~~~~~~~~~~~~~~~~~~^^^^^^^^^^^^^^^^^^^^^^^^^^^^^^^^^^
   UnicodeEncodeError: 'charmap' codec can't encode character '\u2705' in position 0: character maps to <undefined>
[2025-10-06 10:45:32] ❌ Train falhou (exit=1).
[2025-10-06 10:46:02] 🚀 Iniciando ciclo ETL (Extract → Transform → Train → Predict)...
[2025-10-06 10:46:02] ➡️  Extract: C:\Users\web.atendimento\AppData\Local\Programs\Python\Python313\python.exe C:\Users\web.atendimento\crypto_tech\etl\extract.py
   [2025-10-06 10:46:02.697660] Iniciando extração única...
   [2025-10-06 10:46:03.003020] Dados salvos com sucesso.
[2025-10-06 10:46:03] ✅ Extract concluído com sucesso.
[2025-10-06 10:46:03] ➡️  Transform: C:\Users\web.atendimento\AppData\Local\Programs\Python\Python313\python.exe C:\Users\web.atendimento\crypto_tech\etl\transform.py
   [2025-10-06 10:46:03.718127] Features salvas com sucesso em: data/processed/crypto_features.parquet
   Total de registros: 2940
   Primeira data: 2025-10-01 00:11:50+00:00 | Última data: 2025-10-06 13:45:29+00:00
[2025-10-06 10:46:03] ✅ Transform concluído com sucesso.
[2025-10-06 10:46:03] 📦 Features atualizadas: 2025-10-06 10:46:03
[2025-10-06 10:46:03] ➡️  Train: C:\Users\web.atendimento\AppData\Local\Programs\Python\Python313\python.exe C:\Users\web.atendimento\crypto_tech\model\train.py
   
   [2025-10-06 10:46:05.293190] Iniciando treinamento...
   Total de registros no dataset: 2940
   Moedas disponíveis: ['btc', 'ada', 'eth', 'ltc', 'xrp', 'sol']
   
   [2025-10-06 10:46:05.514512] Modelo treinado para BTC
   Registros totais usados: 490
   Período: 2025-10-01 00:11:50+00:00 - 2025-10-06 13:45:29+00:00
   MAE: 3552.1286
   R² : -1.5850
   Traceback (most recent call last):
     File "C:\Users\web.atendimento\crypto_tech\model\train.py", line 73, in <module>
       run()
       ~~~^^
     File "C:\Users\web.atendimento\crypto_tech\model\train.py", line 70, in run
       train_for_symbol(df, symbol)
       ~~~~~~~~~~~~~~~~^^^^^^^^^^^^
     File "C:\Users\web.atendimento\crypto_tech\model\train.py", line 52, in train_for_symbol
       print(f"\u2705 Modelo salvo em {model_path}")
       ~~~~~^^^^^^^^^^^^^^^^^^^^^^^^^^^^^^^^^^^^
     File "C:\Users\web.atendimento\AppData\Local\Programs\Python\Python313\Lib\encodings\cp1252.py", line 19, in encode
       return codecs.charmap_encode(input,self.errors,encoding_table)[0]
              ~~~~~~~~~~~~~~~~~~~~~^^^^^^^^^^^^^^^^^^^^^^^^^^^^^^^^^^
   UnicodeEncodeError: 'charmap' codec can't encode character '\u2705' in position 0: character maps to <undefined>
[2025-10-06 10:46:05] ❌ Train falhou (exit=1).
[2025-10-06 10:46:35] 🚀 Iniciando ciclo ETL (Extract → Transform → Train → Predict)...
[2025-10-06 10:46:35] ➡️  Extract: C:\Users\web.atendimento\AppData\Local\Programs\Python\Python313\python.exe C:\Users\web.atendimento\crypto_tech\etl\extract.py
   [2025-10-06 10:46:35.968587] Iniciando extração única...
   [2025-10-06 10:46:36.446520] Dados salvos com sucesso.
[2025-10-06 10:46:36] ✅ Extract concluído com sucesso.
[2025-10-06 10:46:36] ➡️  Transform: C:\Users\web.atendimento\AppData\Local\Programs\Python\Python313\python.exe C:\Users\web.atendimento\crypto_tech\etl\transform.py
   [2025-10-06 10:46:37.077693] Features salvas com sucesso em: data/processed/crypto_features.parquet
   Total de registros: 2946
   Primeira data: 2025-10-01 00:11:50+00:00 | Última data: 2025-10-06 13:46:02+00:00
[2025-10-06 10:46:37] ✅ Transform concluído com sucesso.
[2025-10-06 10:46:37] 📦 Features atualizadas: 2025-10-06 10:46:37
[2025-10-06 10:46:37] ➡️  Train: C:\Users\web.atendimento\AppData\Local\Programs\Python\Python313\python.exe C:\Users\web.atendimento\crypto_tech\model\train.py
   
   [2025-10-06 10:46:38.631673] Iniciando treinamento...
   Total de registros no dataset: 2946
   Moedas disponíveis: ['btc', 'ada', 'eth', 'ltc', 'xrp', 'sol']
   
   [2025-10-06 10:46:38.857459] Modelo treinado para BTC
   Registros totais usados: 491
   Período: 2025-10-01 00:11:50+00:00 - 2025-10-06 13:46:02+00:00
   MAE: 3570.6844
   R² : -1.6113
   Traceback (most recent call last):
     File "C:\Users\web.atendimento\crypto_tech\model\train.py", line 73, in <module>
       run()
       ~~~^^
     File "C:\Users\web.atendimento\crypto_tech\model\train.py", line 70, in run
       train_for_symbol(df, symbol)
       ~~~~~~~~~~~~~~~~^^^^^^^^^^^^
     File "C:\Users\web.atendimento\crypto_tech\model\train.py", line 52, in train_for_symbol
       print(f"\u2705 Modelo salvo em {model_path}")
       ~~~~~^^^^^^^^^^^^^^^^^^^^^^^^^^^^^^^^^^^^
     File "C:\Users\web.atendimento\AppData\Local\Programs\Python\Python313\Lib\encodings\cp1252.py", line 19, in encode
       return codecs.charmap_encode(input,self.errors,encoding_table)[0]
              ~~~~~~~~~~~~~~~~~~~~~^^^^^^^^^^^^^^^^^^^^^^^^^^^^^^^^^^
   UnicodeEncodeError: 'charmap' codec can't encode character '\u2705' in position 0: character maps to <undefined>
[2025-10-06 10:46:39] ❌ Train falhou (exit=1).
[2025-10-06 10:47:09] 🚀 Iniciando ciclo ETL (Extract → Transform → Train → Predict)...
[2025-10-06 10:47:09] ➡️  Extract: C:\Users\web.atendimento\AppData\Local\Programs\Python\Python313\python.exe C:\Users\web.atendimento\crypto_tech\etl\extract.py
   [2025-10-06 10:47:09.368373] Iniciando extração única...
   [2025-10-06 10:47:09.675057] Dados salvos com sucesso.
[2025-10-06 10:47:09] ✅ Extract concluído com sucesso.
[2025-10-06 10:47:09] ➡️  Transform: C:\Users\web.atendimento\AppData\Local\Programs\Python\Python313\python.exe C:\Users\web.atendimento\crypto_tech\etl\transform.py
   [2025-10-06 10:47:10.311883] Features salvas com sucesso em: data/processed/crypto_features.parquet
   Total de registros: 2952
   Primeira data: 2025-10-01 00:11:50+00:00 | Última data: 2025-10-06 13:46:36+00:00
[2025-10-06 10:47:10] ✅ Transform concluído com sucesso.
[2025-10-06 10:47:10] 📦 Features atualizadas: 2025-10-06 10:47:10
[2025-10-06 10:47:10] ➡️  Train: C:\Users\web.atendimento\AppData\Local\Programs\Python\Python313\python.exe C:\Users\web.atendimento\crypto_tech\model\train.py
   
   [2025-10-06 10:47:11.885770] Iniciando treinamento...
   Total de registros no dataset: 2952
   Moedas disponíveis: ['btc', 'ada', 'eth', 'ltc', 'xrp', 'sol']
   
   [2025-10-06 10:47:12.118944] Modelo treinado para BTC
   Registros totais usados: 492
   Período: 2025-10-01 00:11:50+00:00 - 2025-10-06 13:46:36+00:00
   MAE: 3625.2304
   R² : -1.6952
   Traceback (most recent call last):
     File "C:\Users\web.atendimento\crypto_tech\model\train.py", line 73, in <module>
       run()
       ~~~^^
     File "C:\Users\web.atendimento\crypto_tech\model\train.py", line 70, in run
       train_for_symbol(df, symbol)
       ~~~~~~~~~~~~~~~~^^^^^^^^^^^^
     File "C:\Users\web.atendimento\crypto_tech\model\train.py", line 52, in train_for_symbol
       print(f"\u2705 Modelo salvo em {model_path}")
       ~~~~~^^^^^^^^^^^^^^^^^^^^^^^^^^^^^^^^^^^^
     File "C:\Users\web.atendimento\AppData\Local\Programs\Python\Python313\Lib\encodings\cp1252.py", line 19, in encode
       return codecs.charmap_encode(input,self.errors,encoding_table)[0]
              ~~~~~~~~~~~~~~~~~~~~~^^^^^^^^^^^^^^^^^^^^^^^^^^^^^^^^^^
   UnicodeEncodeError: 'charmap' codec can't encode character '\u2705' in position 0: character maps to <undefined>
[2025-10-06 10:47:12] ❌ Train falhou (exit=1).
[2025-10-06 10:47:42] 🚀 Iniciando ciclo ETL (Extract → Transform → Train → Predict)...
[2025-10-06 10:47:42] ➡️  Extract: C:\Users\web.atendimento\AppData\Local\Programs\Python\Python313\python.exe C:\Users\web.atendimento\crypto_tech\etl\extract.py
   [2025-10-06 10:47:42.590012] Iniciando extração única...
   [2025-10-06 10:47:43.068513] Dados salvos com sucesso.
[2025-10-06 10:47:43] ✅ Extract concluído com sucesso.
[2025-10-06 10:47:43] ➡️  Transform: C:\Users\web.atendimento\AppData\Local\Programs\Python\Python313\python.exe C:\Users\web.atendimento\crypto_tech\etl\transform.py
   [2025-10-06 10:47:43.695629] Features salvas com sucesso em: data/processed/crypto_features.parquet
   Total de registros: 2958
   Primeira data: 2025-10-01 00:11:50+00:00 | Última data: 2025-10-06 13:47:09+00:00
[2025-10-06 10:47:43] ✅ Transform concluído com sucesso.
[2025-10-06 10:47:43] 📦 Features atualizadas: 2025-10-06 10:47:43
[2025-10-06 10:47:43] ➡️  Train: C:\Users\web.atendimento\AppData\Local\Programs\Python\Python313\python.exe C:\Users\web.atendimento\crypto_tech\model\train.py
   
   [2025-10-06 10:47:45.248863] Iniciando treinamento...
   Total de registros no dataset: 2958
   Moedas disponíveis: ['btc', 'ada', 'eth', 'ltc', 'xrp', 'sol']
   
   [2025-10-06 10:47:45.476650] Modelo treinado para BTC
   Registros totais usados: 493
   Período: 2025-10-01 00:11:50+00:00 - 2025-10-06 13:47:09+00:00
   MAE: 3679.4265
   R² : -1.7843
   Traceback (most recent call last):
     File "C:\Users\web.atendimento\crypto_tech\model\train.py", line 73, in <module>
       run()
       ~~~^^
     File "C:\Users\web.atendimento\crypto_tech\model\train.py", line 70, in run
       train_for_symbol(df, symbol)
       ~~~~~~~~~~~~~~~~^^^^^^^^^^^^
     File "C:\Users\web.atendimento\crypto_tech\model\train.py", line 52, in train_for_symbol
       print(f"\u2705 Modelo salvo em {model_path}")
       ~~~~~^^^^^^^^^^^^^^^^^^^^^^^^^^^^^^^^^^^^
     File "C:\Users\web.atendimento\AppData\Local\Programs\Python\Python313\Lib\encodings\cp1252.py", line 19, in encode
       return codecs.charmap_encode(input,self.errors,encoding_table)[0]
              ~~~~~~~~~~~~~~~~~~~~~^^^^^^^^^^^^^^^^^^^^^^^^^^^^^^^^^^
   UnicodeEncodeError: 'charmap' codec can't encode character '\u2705' in position 0: character maps to <undefined>
[2025-10-06 10:47:45] ❌ Train falhou (exit=1).
[2025-10-06 10:48:15] 🚀 Iniciando ciclo ETL (Extract → Transform → Train → Predict)...
[2025-10-06 10:48:15] ➡️  Extract: C:\Users\web.atendimento\AppData\Local\Programs\Python\Python313\python.exe C:\Users\web.atendimento\crypto_tech\etl\extract.py
   [2025-10-06 10:48:15.964979] Iniciando extração única...
   [2025-10-06 10:48:16.268483] Dados salvos com sucesso.
[2025-10-06 10:48:16] ✅ Extract concluído com sucesso.
[2025-10-06 10:48:16] ➡️  Transform: C:\Users\web.atendimento\AppData\Local\Programs\Python\Python313\python.exe C:\Users\web.atendimento\crypto_tech\etl\transform.py
   [2025-10-06 10:48:16.993026] Features salvas com sucesso em: data/processed/crypto_features.parquet
   Total de registros: 2964
   Primeira data: 2025-10-01 00:11:50+00:00 | Última data: 2025-10-06 13:47:43+00:00
[2025-10-06 10:48:17] ✅ Transform concluído com sucesso.
[2025-10-06 10:48:17] 📦 Features atualizadas: 2025-10-06 10:48:16
[2025-10-06 10:48:17] ➡️  Train: C:\Users\web.atendimento\AppData\Local\Programs\Python\Python313\python.exe C:\Users\web.atendimento\crypto_tech\model\train.py
   
   [2025-10-06 10:48:18.856790] Iniciando treinamento...
   Total de registros no dataset: 2964
   Moedas disponíveis: ['btc', 'ada', 'eth', 'ltc', 'xrp', 'sol']
   
   [2025-10-06 10:48:19.130113] Modelo treinado para BTC
   Registros totais usados: 494
   Período: 2025-10-01 00:11:50+00:00 - 2025-10-06 13:47:43+00:00
   MAE: 3732.2729
   R² : -1.8729
   Traceback (most recent call last):
     File "C:\Users\web.atendimento\crypto_tech\model\train.py", line 73, in <module>
       run()
       ~~~^^
     File "C:\Users\web.atendimento\crypto_tech\model\train.py", line 70, in run
       train_for_symbol(df, symbol)
       ~~~~~~~~~~~~~~~~^^^^^^^^^^^^
     File "C:\Users\web.atendimento\crypto_tech\model\train.py", line 52, in train_for_symbol
       print(f"\u2705 Modelo salvo em {model_path}")
       ~~~~~^^^^^^^^^^^^^^^^^^^^^^^^^^^^^^^^^^^^
     File "C:\Users\web.atendimento\AppData\Local\Programs\Python\Python313\Lib\encodings\cp1252.py", line 19, in encode
       return codecs.charmap_encode(input,self.errors,encoding_table)[0]
              ~~~~~~~~~~~~~~~~~~~~~^^^^^^^^^^^^^^^^^^^^^^^^^^^^^^^^^^
   UnicodeEncodeError: 'charmap' codec can't encode character '\u2705' in position 0: character maps to <undefined>
[2025-10-06 10:48:19] ❌ Train falhou (exit=1).
[2025-10-06 10:48:49] 🚀 Iniciando ciclo ETL (Extract → Transform → Train → Predict)...
[2025-10-06 10:48:49] ➡️  Extract: C:\Users\web.atendimento\AppData\Local\Programs\Python\Python313\python.exe C:\Users\web.atendimento\crypto_tech\etl\extract.py
   [2025-10-06 10:48:49.626652] Iniciando extração única...
   [2025-10-06 10:48:50.127711] Dados salvos com sucesso.
[2025-10-06 10:48:50] ✅ Extract concluído com sucesso.
[2025-10-06 10:48:50] ➡️  Transform: C:\Users\web.atendimento\AppData\Local\Programs\Python\Python313\python.exe C:\Users\web.atendimento\crypto_tech\etl\transform.py
   [2025-10-06 10:48:50.800451] Features salvas com sucesso em: data/processed/crypto_features.parquet
   Total de registros: 2970
   Primeira data: 2025-10-01 00:11:50+00:00 | Última data: 2025-10-06 13:48:16+00:00
[2025-10-06 10:48:50] ✅ Transform concluído com sucesso.
[2025-10-06 10:48:50] 📦 Features atualizadas: 2025-10-06 10:48:50
[2025-10-06 10:48:50] ➡️  Train: C:\Users\web.atendimento\AppData\Local\Programs\Python\Python313\python.exe C:\Users\web.atendimento\crypto_tech\model\train.py
   
   [2025-10-06 10:48:52.434960] Iniciando treinamento...
   Total de registros no dataset: 2970
   Moedas disponíveis: ['btc', 'ada', 'eth', 'ltc', 'xrp', 'sol']
   
   [2025-10-06 10:48:52.657554] Modelo treinado para BTC
   Registros totais usados: 495
   Período: 2025-10-01 00:11:50+00:00 - 2025-10-06 13:48:16+00:00
   MAE: 3784.6885
   R² : -1.9679
   Traceback (most recent call last):
     File "C:\Users\web.atendimento\crypto_tech\model\train.py", line 73, in <module>
       run()
       ~~~^^
     File "C:\Users\web.atendimento\crypto_tech\model\train.py", line 70, in run
       train_for_symbol(df, symbol)
       ~~~~~~~~~~~~~~~~^^^^^^^^^^^^
     File "C:\Users\web.atendimento\crypto_tech\model\train.py", line 52, in train_for_symbol
       print(f"\u2705 Modelo salvo em {model_path}")
       ~~~~~^^^^^^^^^^^^^^^^^^^^^^^^^^^^^^^^^^^^
     File "C:\Users\web.atendimento\AppData\Local\Programs\Python\Python313\Lib\encodings\cp1252.py", line 19, in encode
       return codecs.charmap_encode(input,self.errors,encoding_table)[0]
              ~~~~~~~~~~~~~~~~~~~~~^^^^^^^^^^^^^^^^^^^^^^^^^^^^^^^^^^
   UnicodeEncodeError: 'charmap' codec can't encode character '\u2705' in position 0: character maps to <undefined>
[2025-10-06 10:48:52] ❌ Train falhou (exit=1).
[2025-10-06 10:49:22] 🚀 Iniciando ciclo ETL (Extract → Transform → Train → Predict)...
[2025-10-06 10:49:22] ➡️  Extract: C:\Users\web.atendimento\AppData\Local\Programs\Python\Python313\python.exe C:\Users\web.atendimento\crypto_tech\etl\extract.py
   [2025-10-06 10:49:23.125031] Iniciando extração única...
   [2025-10-06 10:49:23.473926] Dados salvos com sucesso.
[2025-10-06 10:49:23] ✅ Extract concluído com sucesso.
[2025-10-06 10:49:23] ➡️  Transform: C:\Users\web.atendimento\AppData\Local\Programs\Python\Python313\python.exe C:\Users\web.atendimento\crypto_tech\etl\transform.py
   [2025-10-06 10:49:24.118395] Features salvas com sucesso em: data/processed/crypto_features.parquet
   Total de registros: 2976
   Primeira data: 2025-10-01 00:11:50+00:00 | Última data: 2025-10-06 13:48:50+00:00
[2025-10-06 10:49:24] ✅ Transform concluído com sucesso.
[2025-10-06 10:49:24] 📦 Features atualizadas: 2025-10-06 10:49:24
[2025-10-06 10:49:24] ➡️  Train: C:\Users\web.atendimento\AppData\Local\Programs\Python\Python313\python.exe C:\Users\web.atendimento\crypto_tech\model\train.py
   
   [2025-10-06 10:49:25.676087] Iniciando treinamento...
   Total de registros no dataset: 2976
   Moedas disponíveis: ['btc', 'ada', 'eth', 'ltc', 'xrp', 'sol']
   
   [2025-10-06 10:49:25.893547] Modelo treinado para BTC
   Registros totais usados: 496
   Período: 2025-10-01 00:11:50+00:00 - 2025-10-06 13:48:50+00:00
   MAE: 3799.4728
   R² : -1.9978
   Traceback (most recent call last):
     File "C:\Users\web.atendimento\crypto_tech\model\train.py", line 73, in <module>
       run()
       ~~~^^
     File "C:\Users\web.atendimento\crypto_tech\model\train.py", line 70, in run
       train_for_symbol(df, symbol)
       ~~~~~~~~~~~~~~~~^^^^^^^^^^^^
     File "C:\Users\web.atendimento\crypto_tech\model\train.py", line 52, in train_for_symbol
       print(f"\u2705 Modelo salvo em {model_path}")
       ~~~~~^^^^^^^^^^^^^^^^^^^^^^^^^^^^^^^^^^^^
     File "C:\Users\web.atendimento\AppData\Local\Programs\Python\Python313\Lib\encodings\cp1252.py", line 19, in encode
       return codecs.charmap_encode(input,self.errors,encoding_table)[0]
              ~~~~~~~~~~~~~~~~~~~~~^^^^^^^^^^^^^^^^^^^^^^^^^^^^^^^^^^
   UnicodeEncodeError: 'charmap' codec can't encode character '\u2705' in position 0: character maps to <undefined>
[2025-10-06 10:49:26] ❌ Train falhou (exit=1).
[2025-10-06 10:49:56] 🚀 Iniciando ciclo ETL (Extract → Transform → Train → Predict)...
[2025-10-06 10:49:56] ➡️  Extract: C:\Users\web.atendimento\AppData\Local\Programs\Python\Python313\python.exe C:\Users\web.atendimento\crypto_tech\etl\extract.py
   [2025-10-06 10:49:56.364498] Iniciando extração única...
   [2025-10-06 10:49:56.842601] Dados salvos com sucesso.
[2025-10-06 10:49:56] ✅ Extract concluído com sucesso.
[2025-10-06 10:49:56] ➡️  Transform: C:\Users\web.atendimento\AppData\Local\Programs\Python\Python313\python.exe C:\Users\web.atendimento\crypto_tech\etl\transform.py
   [2025-10-06 10:49:57.514275] Features salvas com sucesso em: data/processed/crypto_features.parquet
   Total de registros: 2982
   Primeira data: 2025-10-01 00:11:50+00:00 | Última data: 2025-10-06 13:49:23+00:00
[2025-10-06 10:49:57] ✅ Transform concluído com sucesso.
[2025-10-06 10:49:57] 📦 Features atualizadas: 2025-10-06 10:49:57
[2025-10-06 10:49:57] ➡️  Train: C:\Users\web.atendimento\AppData\Local\Programs\Python\Python313\python.exe C:\Users\web.atendimento\crypto_tech\model\train.py
   
   [2025-10-06 10:49:59.094112] Iniciando treinamento...
   Total de registros no dataset: 2982
   Moedas disponíveis: ['btc', 'ada', 'eth', 'ltc', 'xrp', 'sol']
   
   [2025-10-06 10:49:59.319523] Modelo treinado para BTC
   Registros totais usados: 497
   Período: 2025-10-01 00:11:50+00:00 - 2025-10-06 13:49:23+00:00
   MAE: 3852.3432
   R² : -2.0997
   Traceback (most recent call last):
     File "C:\Users\web.atendimento\crypto_tech\model\train.py", line 73, in <module>
       run()
       ~~~^^
     File "C:\Users\web.atendimento\crypto_tech\model\train.py", line 70, in run
       train_for_symbol(df, symbol)
       ~~~~~~~~~~~~~~~~^^^^^^^^^^^^
     File "C:\Users\web.atendimento\crypto_tech\model\train.py", line 52, in train_for_symbol
       print(f"\u2705 Modelo salvo em {model_path}")
       ~~~~~^^^^^^^^^^^^^^^^^^^^^^^^^^^^^^^^^^^^
     File "C:\Users\web.atendimento\AppData\Local\Programs\Python\Python313\Lib\encodings\cp1252.py", line 19, in encode
       return codecs.charmap_encode(input,self.errors,encoding_table)[0]
              ~~~~~~~~~~~~~~~~~~~~~^^^^^^^^^^^^^^^^^^^^^^^^^^^^^^^^^^
   UnicodeEncodeError: 'charmap' codec can't encode character '\u2705' in position 0: character maps to <undefined>
[2025-10-06 10:49:59] ❌ Train falhou (exit=1).
[2025-10-06 10:50:29] 🚀 Iniciando ciclo ETL (Extract → Transform → Train → Predict)...
[2025-10-06 10:50:29] ➡️  Extract: C:\Users\web.atendimento\AppData\Local\Programs\Python\Python313\python.exe C:\Users\web.atendimento\crypto_tech\etl\extract.py
   [2025-10-06 10:50:29.778882] Iniciando extração única...
   [2025-10-06 10:50:30.174202] Dados salvos com sucesso.
[2025-10-06 10:50:30] ✅ Extract concluído com sucesso.
[2025-10-06 10:50:30] ➡️  Transform: C:\Users\web.atendimento\AppData\Local\Programs\Python\Python313\python.exe C:\Users\web.atendimento\crypto_tech\etl\transform.py
   [2025-10-06 10:50:30.831996] Features salvas com sucesso em: data/processed/crypto_features.parquet
   Total de registros: 2988
   Primeira data: 2025-10-01 00:11:50+00:00 | Última data: 2025-10-06 13:49:56+00:00
[2025-10-06 10:50:30] ✅ Transform concluído com sucesso.
[2025-10-06 10:50:30] 📦 Features atualizadas: 2025-10-06 10:50:30
[2025-10-06 10:50:30] ➡️  Train: C:\Users\web.atendimento\AppData\Local\Programs\Python\Python313\python.exe C:\Users\web.atendimento\crypto_tech\model\train.py
   
   [2025-10-06 10:50:32.436866] Iniciando treinamento...
   Total de registros no dataset: 2988
   Moedas disponíveis: ['btc', 'ada', 'eth', 'ltc', 'xrp', 'sol']
   
   [2025-10-06 10:50:32.659755] Modelo treinado para BTC
   Registros totais usados: 498
   Período: 2025-10-01 00:11:50+00:00 - 2025-10-06 13:49:56+00:00
   MAE: 3906.2328
   R² : -2.2089
   Traceback (most recent call last):
     File "C:\Users\web.atendimento\crypto_tech\model\train.py", line 73, in <module>
       run()
       ~~~^^
     File "C:\Users\web.atendimento\crypto_tech\model\train.py", line 70, in run
       train_for_symbol(df, symbol)
       ~~~~~~~~~~~~~~~~^^^^^^^^^^^^
     File "C:\Users\web.atendimento\crypto_tech\model\train.py", line 52, in train_for_symbol
       print(f"\u2705 Modelo salvo em {model_path}")
       ~~~~~^^^^^^^^^^^^^^^^^^^^^^^^^^^^^^^^^^^^
     File "C:\Users\web.atendimento\AppData\Local\Programs\Python\Python313\Lib\encodings\cp1252.py", line 19, in encode
       return codecs.charmap_encode(input,self.errors,encoding_table)[0]
              ~~~~~~~~~~~~~~~~~~~~~^^^^^^^^^^^^^^^^^^^^^^^^^^^^^^^^^^
   UnicodeEncodeError: 'charmap' codec can't encode character '\u2705' in position 0: character maps to <undefined>
[2025-10-06 10:50:32] ❌ Train falhou (exit=1).
[2025-10-06 10:51:02] 🚀 Iniciando ciclo ETL (Extract → Transform → Train → Predict)...
[2025-10-06 10:51:02] ➡️  Extract: C:\Users\web.atendimento\AppData\Local\Programs\Python\Python313\python.exe C:\Users\web.atendimento\crypto_tech\etl\extract.py
   [2025-10-06 10:51:03.116750] Iniciando extração única...
   [2025-10-06 10:51:03.605061] Dados salvos com sucesso.
[2025-10-06 10:51:03] ✅ Extract concluído com sucesso.
[2025-10-06 10:51:03] ➡️  Transform: C:\Users\web.atendimento\AppData\Local\Programs\Python\Python313\python.exe C:\Users\web.atendimento\crypto_tech\etl\transform.py
   [2025-10-06 10:51:04.246056] Features salvas com sucesso em: data/processed/crypto_features.parquet
   Total de registros: 2994
   Primeira data: 2025-10-01 00:11:50+00:00 | Última data: 2025-10-06 13:50:30+00:00
[2025-10-06 10:51:04] ✅ Transform concluído com sucesso.
[2025-10-06 10:51:04] 📦 Features atualizadas: 2025-10-06 10:51:04
[2025-10-06 10:51:04] ➡️  Train: C:\Users\web.atendimento\AppData\Local\Programs\Python\Python313\python.exe C:\Users\web.atendimento\crypto_tech\model\train.py
   
   [2025-10-06 10:51:05.809548] Iniciando treinamento...
   Total de registros no dataset: 2994
   Moedas disponíveis: ['btc', 'ada', 'eth', 'ltc', 'xrp', 'sol']
   
   [2025-10-06 10:51:06.029722] Modelo treinado para BTC
   Registros totais usados: 499
   Período: 2025-10-01 00:11:50+00:00 - 2025-10-06 13:50:30+00:00
   MAE: 3960.0068
   R² : -2.3259
   Traceback (most recent call last):
     File "C:\Users\web.atendimento\crypto_tech\model\train.py", line 73, in <module>
       run()
       ~~~^^
     File "C:\Users\web.atendimento\crypto_tech\model\train.py", line 70, in run
       train_for_symbol(df, symbol)
       ~~~~~~~~~~~~~~~~^^^^^^^^^^^^
     File "C:\Users\web.atendimento\crypto_tech\model\train.py", line 52, in train_for_symbol
       print(f"\u2705 Modelo salvo em {model_path}")
       ~~~~~^^^^^^^^^^^^^^^^^^^^^^^^^^^^^^^^^^^^
     File "C:\Users\web.atendimento\AppData\Local\Programs\Python\Python313\Lib\encodings\cp1252.py", line 19, in encode
       return codecs.charmap_encode(input,self.errors,encoding_table)[0]
              ~~~~~~~~~~~~~~~~~~~~~^^^^^^^^^^^^^^^^^^^^^^^^^^^^^^^^^^
   UnicodeEncodeError: 'charmap' codec can't encode character '\u2705' in position 0: character maps to <undefined>
[2025-10-06 10:51:06] ❌ Train falhou (exit=1).
[2025-10-06 10:51:36] 🚀 Iniciando ciclo ETL (Extract → Transform → Train → Predict)...
[2025-10-06 10:51:36] ➡️  Extract: C:\Users\web.atendimento\AppData\Local\Programs\Python\Python313\python.exe C:\Users\web.atendimento\crypto_tech\etl\extract.py
   [2025-10-06 10:51:36.488230] Iniciando extração única...
   [2025-10-06 10:51:36.779412] Dados salvos com sucesso.
[2025-10-06 10:51:36] ✅ Extract concluído com sucesso.
[2025-10-06 10:51:36] ➡️  Transform: C:\Users\web.atendimento\AppData\Local\Programs\Python\Python313\python.exe C:\Users\web.atendimento\crypto_tech\etl\transform.py
   [2025-10-06 10:51:37.400134] Features salvas com sucesso em: data/processed/crypto_features.parquet
   Total de registros: 3000
   Primeira data: 2025-10-01 00:11:50+00:00 | Última data: 2025-10-06 13:51:03+00:00
[2025-10-06 10:51:37] ✅ Transform concluído com sucesso.
[2025-10-06 10:51:37] 📦 Features atualizadas: 2025-10-06 10:51:37
[2025-10-06 10:51:37] ➡️  Train: C:\Users\web.atendimento\AppData\Local\Programs\Python\Python313\python.exe C:\Users\web.atendimento\crypto_tech\model\train.py
   
   [2025-10-06 10:51:38.949397] Iniciando treinamento...
   Total de registros no dataset: 3000
   Moedas disponíveis: ['btc', 'ada', 'eth', 'ltc', 'xrp', 'sol']
   
   [2025-10-06 10:51:39.171265] Modelo treinado para BTC
   Registros totais usados: 500
   Período: 2025-10-01 00:11:50+00:00 - 2025-10-06 13:51:03+00:00
   MAE: 4012.7806
   R² : -2.4479
   Traceback (most recent call last):
     File "C:\Users\web.atendimento\crypto_tech\model\train.py", line 73, in <module>
       run()
       ~~~^^
     File "C:\Users\web.atendimento\crypto_tech\model\train.py", line 70, in run
       train_for_symbol(df, symbol)
       ~~~~~~~~~~~~~~~~^^^^^^^^^^^^
     File "C:\Users\web.atendimento\crypto_tech\model\train.py", line 52, in train_for_symbol
       print(f"\u2705 Modelo salvo em {model_path}")
       ~~~~~^^^^^^^^^^^^^^^^^^^^^^^^^^^^^^^^^^^^
     File "C:\Users\web.atendimento\AppData\Local\Programs\Python\Python313\Lib\encodings\cp1252.py", line 19, in encode
       return codecs.charmap_encode(input,self.errors,encoding_table)[0]
              ~~~~~~~~~~~~~~~~~~~~~^^^^^^^^^^^^^^^^^^^^^^^^^^^^^^^^^^
   UnicodeEncodeError: 'charmap' codec can't encode character '\u2705' in position 0: character maps to <undefined>
[2025-10-06 10:51:39] ❌ Train falhou (exit=1).
[2025-10-06 10:52:09] 🚀 Iniciando ciclo ETL (Extract → Transform → Train → Predict)...
[2025-10-06 10:52:09] ➡️  Extract: C:\Users\web.atendimento\AppData\Local\Programs\Python\Python313\python.exe C:\Users\web.atendimento\crypto_tech\etl\extract.py
   [2025-10-06 10:52:09.628101] Iniciando extração única...
   [2025-10-06 10:52:10.209917] Dados salvos com sucesso.
[2025-10-06 10:52:10] ✅ Extract concluído com sucesso.
[2025-10-06 10:52:10] ➡️  Transform: C:\Users\web.atendimento\AppData\Local\Programs\Python\Python313\python.exe C:\Users\web.atendimento\crypto_tech\etl\transform.py
   [2025-10-06 10:52:10.875815] Features salvas com sucesso em: data/processed/crypto_features.parquet
   Total de registros: 3006
   Primeira data: 2025-10-01 00:11:50+00:00 | Última data: 2025-10-06 13:51:36+00:00
[2025-10-06 10:52:10] ✅ Transform concluído com sucesso.
[2025-10-06 10:52:10] 📦 Features atualizadas: 2025-10-06 10:52:10
[2025-10-06 10:52:10] ➡️  Train: C:\Users\web.atendimento\AppData\Local\Programs\Python\Python313\python.exe C:\Users\web.atendimento\crypto_tech\model\train.py
   
   [2025-10-06 10:52:12.415237] Iniciando treinamento...
   Total de registros no dataset: 3006
   Moedas disponíveis: ['btc', 'ada', 'eth', 'ltc', 'xrp', 'sol']
   
   [2025-10-06 10:52:12.644175] Modelo treinado para BTC
   Registros totais usados: 501
   Período: 2025-10-01 00:11:50+00:00 - 2025-10-06 13:51:36+00:00
   MAE: 4026.2313
   R² : -2.4824
   Traceback (most recent call last):
     File "C:\Users\web.atendimento\crypto_tech\model\train.py", line 73, in <module>
       run()
       ~~~^^
     File "C:\Users\web.atendimento\crypto_tech\model\train.py", line 70, in run
       train_for_symbol(df, symbol)
       ~~~~~~~~~~~~~~~~^^^^^^^^^^^^
     File "C:\Users\web.atendimento\crypto_tech\model\train.py", line 52, in train_for_symbol
       print(f"\u2705 Modelo salvo em {model_path}")
       ~~~~~^^^^^^^^^^^^^^^^^^^^^^^^^^^^^^^^^^^^
     File "C:\Users\web.atendimento\AppData\Local\Programs\Python\Python313\Lib\encodings\cp1252.py", line 19, in encode
       return codecs.charmap_encode(input,self.errors,encoding_table)[0]
              ~~~~~~~~~~~~~~~~~~~~~^^^^^^^^^^^^^^^^^^^^^^^^^^^^^^^^^^
   UnicodeEncodeError: 'charmap' codec can't encode character '\u2705' in position 0: character maps to <undefined>
[2025-10-06 10:52:12] ❌ Train falhou (exit=1).
[2025-10-06 10:52:42] 🚀 Iniciando ciclo ETL (Extract → Transform → Train → Predict)...
[2025-10-06 10:52:42] ➡️  Extract: C:\Users\web.atendimento\AppData\Local\Programs\Python\Python313\python.exe C:\Users\web.atendimento\crypto_tech\etl\extract.py
   [2025-10-06 10:52:43.116996] Iniciando extração única...
   [2025-10-06 10:52:43.410869] Dados salvos com sucesso.
[2025-10-06 10:52:43] ✅ Extract concluído com sucesso.
[2025-10-06 10:52:43] ➡️  Transform: C:\Users\web.atendimento\AppData\Local\Programs\Python\Python313\python.exe C:\Users\web.atendimento\crypto_tech\etl\transform.py
   [2025-10-06 10:52:44.069408] Features salvas com sucesso em: data/processed/crypto_features.parquet
   Total de registros: 3012
   Primeira data: 2025-10-01 00:11:50+00:00 | Última data: 2025-10-06 13:52:10+00:00
[2025-10-06 10:52:44] ✅ Transform concluído com sucesso.
[2025-10-06 10:52:44] 📦 Features atualizadas: 2025-10-06 10:52:44
[2025-10-06 10:52:44] ➡️  Train: C:\Users\web.atendimento\AppData\Local\Programs\Python\Python313\python.exe C:\Users\web.atendimento\crypto_tech\model\train.py
   
   [2025-10-06 10:52:45.635053] Iniciando treinamento...
   Total de registros no dataset: 3012
   Moedas disponíveis: ['btc', 'ada', 'eth', 'ltc', 'xrp', 'sol']
   
   [2025-10-06 10:52:45.844082] Modelo treinado para BTC
   Registros totais usados: 502
   Período: 2025-10-01 00:11:50+00:00 - 2025-10-06 13:52:10+00:00
   MAE: 4079.4678
   R² : -2.6229
   Traceback (most recent call last):
     File "C:\Users\web.atendimento\crypto_tech\model\train.py", line 73, in <module>
       run()
       ~~~^^
     File "C:\Users\web.atendimento\crypto_tech\model\train.py", line 70, in run
       train_for_symbol(df, symbol)
       ~~~~~~~~~~~~~~~~^^^^^^^^^^^^
     File "C:\Users\web.atendimento\crypto_tech\model\train.py", line 52, in train_for_symbol
       print(f"\u2705 Modelo salvo em {model_path}")
       ~~~~~^^^^^^^^^^^^^^^^^^^^^^^^^^^^^^^^^^^^
     File "C:\Users\web.atendimento\AppData\Local\Programs\Python\Python313\Lib\encodings\cp1252.py", line 19, in encode
       return codecs.charmap_encode(input,self.errors,encoding_table)[0]
              ~~~~~~~~~~~~~~~~~~~~~^^^^^^^^^^^^^^^^^^^^^^^^^^^^^^^^^^
   UnicodeEncodeError: 'charmap' codec can't encode character '\u2705' in position 0: character maps to <undefined>
[2025-10-06 10:52:46] ❌ Train falhou (exit=1).
[2025-10-06 10:53:16] 🚀 Iniciando ciclo ETL (Extract → Transform → Train → Predict)...
[2025-10-06 10:53:16] ➡️  Extract: C:\Users\web.atendimento\AppData\Local\Programs\Python\Python313\python.exe C:\Users\web.atendimento\crypto_tech\etl\extract.py
   [2025-10-06 10:53:16.322847] Iniciando extração única...
   [2025-10-06 10:53:16.787382] Dados salvos com sucesso.
[2025-10-06 10:53:16] ✅ Extract concluído com sucesso.
[2025-10-06 10:53:16] ➡️  Transform: C:\Users\web.atendimento\AppData\Local\Programs\Python\Python313\python.exe C:\Users\web.atendimento\crypto_tech\etl\transform.py
   [2025-10-06 10:53:17.473774] Features salvas com sucesso em: data/processed/crypto_features.parquet
   Total de registros: 3018
   Primeira data: 2025-10-01 00:11:50+00:00 | Última data: 2025-10-06 13:52:43+00:00
[2025-10-06 10:53:17] ✅ Transform concluído com sucesso.
[2025-10-06 10:53:17] 📦 Features atualizadas: 2025-10-06 10:53:17
[2025-10-06 10:53:17] ➡️  Train: C:\Users\web.atendimento\AppData\Local\Programs\Python\Python313\python.exe C:\Users\web.atendimento\crypto_tech\model\train.py
   
   [2025-10-06 10:53:19.076271] Iniciando treinamento...
   Total de registros no dataset: 3018
   Moedas disponíveis: ['btc', 'ada', 'eth', 'ltc', 'xrp', 'sol']
   
   [2025-10-06 10:53:19.318876] Modelo treinado para BTC
   Registros totais usados: 503
   Período: 2025-10-01 00:11:50+00:00 - 2025-10-06 13:52:43+00:00
   MAE: 4132.2114
   R² : -2.7740
   Traceback (most recent call last):
     File "C:\Users\web.atendimento\crypto_tech\model\train.py", line 73, in <module>
       run()
       ~~~^^
     File "C:\Users\web.atendimento\crypto_tech\model\train.py", line 70, in run
       train_for_symbol(df, symbol)
       ~~~~~~~~~~~~~~~~^^^^^^^^^^^^
     File "C:\Users\web.atendimento\crypto_tech\model\train.py", line 52, in train_for_symbol
       print(f"\u2705 Modelo salvo em {model_path}")
       ~~~~~^^^^^^^^^^^^^^^^^^^^^^^^^^^^^^^^^^^^
     File "C:\Users\web.atendimento\AppData\Local\Programs\Python\Python313\Lib\encodings\cp1252.py", line 19, in encode
       return codecs.charmap_encode(input,self.errors,encoding_table)[0]
              ~~~~~~~~~~~~~~~~~~~~~^^^^^^^^^^^^^^^^^^^^^^^^^^^^^^^^^^
   UnicodeEncodeError: 'charmap' codec can't encode character '\u2705' in position 0: character maps to <undefined>
[2025-10-06 10:53:19] ❌ Train falhou (exit=1).
[2025-10-06 10:53:49] 🚀 Iniciando ciclo ETL (Extract → Transform → Train → Predict)...
[2025-10-06 10:53:49] ➡️  Extract: C:\Users\web.atendimento\AppData\Local\Programs\Python\Python313\python.exe C:\Users\web.atendimento\crypto_tech\etl\extract.py
   [2025-10-06 10:53:49.805410] Iniciando extração única...
   [2025-10-06 10:53:50.100188] Dados salvos com sucesso.
[2025-10-06 10:53:50] ✅ Extract concluído com sucesso.
[2025-10-06 10:53:50] ➡️  Transform: C:\Users\web.atendimento\AppData\Local\Programs\Python\Python313\python.exe C:\Users\web.atendimento\crypto_tech\etl\transform.py
   [2025-10-06 10:53:50.853663] Features salvas com sucesso em: data/processed/crypto_features.parquet
   Total de registros: 3024
   Primeira data: 2025-10-01 00:11:50+00:00 | Última data: 2025-10-06 13:53:16+00:00
[2025-10-06 10:53:50] ✅ Transform concluído com sucesso.
[2025-10-06 10:53:50] 📦 Features atualizadas: 2025-10-06 10:53:50
[2025-10-06 10:53:50] ➡️  Train: C:\Users\web.atendimento\AppData\Local\Programs\Python\Python313\python.exe C:\Users\web.atendimento\crypto_tech\model\train.py
   
   [2025-10-06 10:53:52.412636] Iniciando treinamento...
   Total de registros no dataset: 3024
   Moedas disponíveis: ['btc', 'ada', 'eth', 'ltc', 'xrp', 'sol']
   
   [2025-10-06 10:53:52.627747] Modelo treinado para BTC
   Registros totais usados: 504
   Período: 2025-10-01 00:11:50+00:00 - 2025-10-06 13:53:16+00:00
   MAE: 4183.8623
   R² : -2.9304
   Traceback (most recent call last):
     File "C:\Users\web.atendimento\crypto_tech\model\train.py", line 73, in <module>
       run()
       ~~~^^
     File "C:\Users\web.atendimento\crypto_tech\model\train.py", line 70, in run
       train_for_symbol(df, symbol)
       ~~~~~~~~~~~~~~~~^^^^^^^^^^^^
     File "C:\Users\web.atendimento\crypto_tech\model\train.py", line 52, in train_for_symbol
       print(f"\u2705 Modelo salvo em {model_path}")
       ~~~~~^^^^^^^^^^^^^^^^^^^^^^^^^^^^^^^^^^^^
     File "C:\Users\web.atendimento\AppData\Local\Programs\Python\Python313\Lib\encodings\cp1252.py", line 19, in encode
       return codecs.charmap_encode(input,self.errors,encoding_table)[0]
              ~~~~~~~~~~~~~~~~~~~~~^^^^^^^^^^^^^^^^^^^^^^^^^^^^^^^^^^
   UnicodeEncodeError: 'charmap' codec can't encode character '\u2705' in position 0: character maps to <undefined>
[2025-10-06 10:53:52] ❌ Train falhou (exit=1).
[2025-10-06 10:54:22] 🚀 Iniciando ciclo ETL (Extract → Transform → Train → Predict)...
[2025-10-06 10:54:22] ➡️  Extract: C:\Users\web.atendimento\AppData\Local\Programs\Python\Python313\python.exe C:\Users\web.atendimento\crypto_tech\etl\extract.py
   [2025-10-06 10:54:23.084273] Iniciando extração única...
   [2025-10-06 10:54:23.540414] Dados salvos com sucesso.
[2025-10-06 10:54:23] ✅ Extract concluído com sucesso.
[2025-10-06 10:54:23] ➡️  Transform: C:\Users\web.atendimento\AppData\Local\Programs\Python\Python313\python.exe C:\Users\web.atendimento\crypto_tech\etl\transform.py
   [2025-10-06 10:54:24.183792] Features salvas com sucesso em: data/processed/crypto_features.parquet
   Total de registros: 3030
   Primeira data: 2025-10-01 00:11:50+00:00 | Última data: 2025-10-06 13:53:50+00:00
[2025-10-06 10:54:24] ✅ Transform concluído com sucesso.
[2025-10-06 10:54:24] 📦 Features atualizadas: 2025-10-06 10:54:24
[2025-10-06 10:54:24] ➡️  Train: C:\Users\web.atendimento\AppData\Local\Programs\Python\Python313\python.exe C:\Users\web.atendimento\crypto_tech\model\train.py
   
   [2025-10-06 10:54:25.713106] Iniciando treinamento...
   Total de registros no dataset: 3030
   Moedas disponíveis: ['btc', 'ada', 'eth', 'ltc', 'xrp', 'sol']
   
   [2025-10-06 10:54:25.927197] Modelo treinado para BTC
   Registros totais usados: 505
   Período: 2025-10-01 00:11:50+00:00 - 2025-10-06 13:53:50+00:00
   MAE: 4235.7456
   R² : -3.0976
   Traceback (most recent call last):
     File "C:\Users\web.atendimento\crypto_tech\model\train.py", line 73, in <module>
       run()
       ~~~^^
     File "C:\Users\web.atendimento\crypto_tech\model\train.py", line 70, in run
       train_for_symbol(df, symbol)
       ~~~~~~~~~~~~~~~~^^^^^^^^^^^^
     File "C:\Users\web.atendimento\crypto_tech\model\train.py", line 52, in train_for_symbol
       print(f"\u2705 Modelo salvo em {model_path}")
       ~~~~~^^^^^^^^^^^^^^^^^^^^^^^^^^^^^^^^^^^^
     File "C:\Users\web.atendimento\AppData\Local\Programs\Python\Python313\Lib\encodings\cp1252.py", line 19, in encode
       return codecs.charmap_encode(input,self.errors,encoding_table)[0]
              ~~~~~~~~~~~~~~~~~~~~~^^^^^^^^^^^^^^^^^^^^^^^^^^^^^^^^^^
   UnicodeEncodeError: 'charmap' codec can't encode character '\u2705' in position 0: character maps to <undefined>
[2025-10-06 10:54:26] ❌ Train falhou (exit=1).
[2025-10-06 10:54:56] 🚀 Iniciando ciclo ETL (Extract → Transform → Train → Predict)...
[2025-10-06 10:54:56] ➡️  Extract: C:\Users\web.atendimento\AppData\Local\Programs\Python\Python313\python.exe C:\Users\web.atendimento\crypto_tech\etl\extract.py
   [2025-10-06 10:54:56.398645] Iniciando extração única...
   [2025-10-06 10:54:56.680246] Dados salvos com sucesso.
[2025-10-06 10:54:56] ✅ Extract concluído com sucesso.
[2025-10-06 10:54:56] ➡️  Transform: C:\Users\web.atendimento\AppData\Local\Programs\Python\Python313\python.exe C:\Users\web.atendimento\crypto_tech\etl\transform.py
   [2025-10-06 10:54:57.322370] Features salvas com sucesso em: data/processed/crypto_features.parquet
   Total de registros: 3036
   Primeira data: 2025-10-01 00:11:50+00:00 | Última data: 2025-10-06 13:54:23+00:00
[2025-10-06 10:54:57] ✅ Transform concluído com sucesso.
[2025-10-06 10:54:57] 📦 Features atualizadas: 2025-10-06 10:54:57
[2025-10-06 10:54:57] ➡️  Train: C:\Users\web.atendimento\AppData\Local\Programs\Python\Python313\python.exe C:\Users\web.atendimento\crypto_tech\model\train.py
   
   [2025-10-06 10:54:58.866715] Iniciando treinamento...
   Total de registros no dataset: 3036
   Moedas disponíveis: ['btc', 'ada', 'eth', 'ltc', 'xrp', 'sol']
   
   [2025-10-06 10:54:59.087413] Modelo treinado para BTC
   Registros totais usados: 506
   Período: 2025-10-01 00:11:50+00:00 - 2025-10-06 13:54:23+00:00
   MAE: 4247.3625
   R² : -3.1380
   Traceback (most recent call last):
     File "C:\Users\web.atendimento\crypto_tech\model\train.py", line 73, in <module>
       run()
       ~~~^^
     File "C:\Users\web.atendimento\crypto_tech\model\train.py", line 70, in run
       train_for_symbol(df, symbol)
       ~~~~~~~~~~~~~~~~^^^^^^^^^^^^
     File "C:\Users\web.atendimento\crypto_tech\model\train.py", line 52, in train_for_symbol
       print(f"\u2705 Modelo salvo em {model_path}")
       ~~~~~^^^^^^^^^^^^^^^^^^^^^^^^^^^^^^^^^^^^
     File "C:\Users\web.atendimento\AppData\Local\Programs\Python\Python313\Lib\encodings\cp1252.py", line 19, in encode
       return codecs.charmap_encode(input,self.errors,encoding_table)[0]
              ~~~~~~~~~~~~~~~~~~~~~^^^^^^^^^^^^^^^^^^^^^^^^^^^^^^^^^^
   UnicodeEncodeError: 'charmap' codec can't encode character '\u2705' in position 0: character maps to <undefined>
[2025-10-06 10:54:59] ❌ Train falhou (exit=1).
[2025-10-06 10:55:29] 🚀 Iniciando ciclo ETL (Extract → Transform → Train → Predict)...
[2025-10-06 10:55:29] ➡️  Extract: C:\Users\web.atendimento\AppData\Local\Programs\Python\Python313\python.exe C:\Users\web.atendimento\crypto_tech\etl\extract.py
   [2025-10-06 10:55:29.542387] Iniciando extração única...
   [2025-10-06 10:55:30.167677] Dados salvos com sucesso.
[2025-10-06 10:55:30] ✅ Extract concluído com sucesso.
[2025-10-06 10:55:30] ➡️  Transform: C:\Users\web.atendimento\AppData\Local\Programs\Python\Python313\python.exe C:\Users\web.atendimento\crypto_tech\etl\transform.py
   [2025-10-06 10:55:30.841631] Features salvas com sucesso em: data/processed/crypto_features.parquet
   Total de registros: 3042
   Primeira data: 2025-10-01 00:11:50+00:00 | Última data: 2025-10-06 13:54:56+00:00
[2025-10-06 10:55:30] ✅ Transform concluído com sucesso.
[2025-10-06 10:55:30] 📦 Features atualizadas: 2025-10-06 10:55:30
[2025-10-06 10:55:30] ➡️  Train: C:\Users\web.atendimento\AppData\Local\Programs\Python\Python313\python.exe C:\Users\web.atendimento\crypto_tech\model\train.py
   
   [2025-10-06 10:55:32.450340] Iniciando treinamento...
   Total de registros no dataset: 3042
   Moedas disponíveis: ['btc', 'ada', 'eth', 'ltc', 'xrp', 'sol']
   
   [2025-10-06 10:55:32.659062] Modelo treinado para BTC
   Registros totais usados: 507
   Período: 2025-10-01 00:11:50+00:00 - 2025-10-06 13:54:56+00:00
   MAE: 4301.5684
   R² : -3.3249
   Traceback (most recent call last):
     File "C:\Users\web.atendimento\crypto_tech\model\train.py", line 73, in <module>
       run()
       ~~~^^
     File "C:\Users\web.atendimento\crypto_tech\model\train.py", line 70, in run
       train_for_symbol(df, symbol)
       ~~~~~~~~~~~~~~~~^^^^^^^^^^^^
     File "C:\Users\web.atendimento\crypto_tech\model\train.py", line 52, in train_for_symbol
       print(f"\u2705 Modelo salvo em {model_path}")
       ~~~~~^^^^^^^^^^^^^^^^^^^^^^^^^^^^^^^^^^^^
     File "C:\Users\web.atendimento\AppData\Local\Programs\Python\Python313\Lib\encodings\cp1252.py", line 19, in encode
       return codecs.charmap_encode(input,self.errors,encoding_table)[0]
              ~~~~~~~~~~~~~~~~~~~~~^^^^^^^^^^^^^^^^^^^^^^^^^^^^^^^^^^
   UnicodeEncodeError: 'charmap' codec can't encode character '\u2705' in position 0: character maps to <undefined>
[2025-10-06 10:55:32] ❌ Train falhou (exit=1).
[2025-10-06 10:56:02] 🚀 Iniciando ciclo ETL (Extract → Transform → Train → Predict)...
[2025-10-06 10:56:02] ➡️  Extract: C:\Users\web.atendimento\AppData\Local\Programs\Python\Python313\python.exe C:\Users\web.atendimento\crypto_tech\etl\extract.py
   [2025-10-06 10:56:03.170652] Iniciando extração única...
   [2025-10-06 10:56:03.474626] Dados salvos com sucesso.
[2025-10-06 10:56:03] ✅ Extract concluído com sucesso.
[2025-10-06 10:56:03] ➡️  Transform: C:\Users\web.atendimento\AppData\Local\Programs\Python\Python313\python.exe C:\Users\web.atendimento\crypto_tech\etl\transform.py
   [2025-10-06 10:56:04.218256] Features salvas com sucesso em: data/processed/crypto_features.parquet
   Total de registros: 3048
   Primeira data: 2025-10-01 00:11:50+00:00 | Última data: 2025-10-06 13:55:30+00:00
[2025-10-06 10:56:04] ✅ Transform concluído com sucesso.
[2025-10-06 10:56:04] 📦 Features atualizadas: 2025-10-06 10:56:04
[2025-10-06 10:56:04] ➡️  Train: C:\Users\web.atendimento\AppData\Local\Programs\Python\Python313\python.exe C:\Users\web.atendimento\crypto_tech\model\train.py
   
   [2025-10-06 10:56:06.064356] Iniciando treinamento...
   Total de registros no dataset: 3048
   Moedas disponíveis: ['btc', 'ada', 'eth', 'ltc', 'xrp', 'sol']
   
   [2025-10-06 10:56:06.474549] Modelo treinado para BTC
   Registros totais usados: 508
   Período: 2025-10-01 00:11:50+00:00 - 2025-10-06 13:55:30+00:00
   MAE: 4353.9774
   R² : -3.5427
   Traceback (most recent call last):
     File "C:\Users\web.atendimento\crypto_tech\model\train.py", line 73, in <module>
       run()
       ~~~^^
     File "C:\Users\web.atendimento\crypto_tech\model\train.py", line 70, in run
       train_for_symbol(df, symbol)
       ~~~~~~~~~~~~~~~~^^^^^^^^^^^^
     File "C:\Users\web.atendimento\crypto_tech\model\train.py", line 52, in train_for_symbol
       print(f"\u2705 Modelo salvo em {model_path}")
       ~~~~~^^^^^^^^^^^^^^^^^^^^^^^^^^^^^^^^^^^^
     File "C:\Users\web.atendimento\AppData\Local\Programs\Python\Python313\Lib\encodings\cp1252.py", line 19, in encode
       return codecs.charmap_encode(input,self.errors,encoding_table)[0]
              ~~~~~~~~~~~~~~~~~~~~~^^^^^^^^^^^^^^^^^^^^^^^^^^^^^^^^^^
   UnicodeEncodeError: 'charmap' codec can't encode character '\u2705' in position 0: character maps to <undefined>
[2025-10-06 10:56:06] ❌ Train falhou (exit=1).
[2025-10-06 10:56:36] 🚀 Iniciando ciclo ETL (Extract → Transform → Train → Predict)...
[2025-10-06 10:56:36] ➡️  Extract: C:\Users\web.atendimento\AppData\Local\Programs\Python\Python313\python.exe C:\Users\web.atendimento\crypto_tech\etl\extract.py
   [2025-10-06 10:56:36.976919] Iniciando extração única...
   [2025-10-06 10:56:37.446884] Dados salvos com sucesso.
[2025-10-06 10:56:37] ✅ Extract concluído com sucesso.
[2025-10-06 10:56:37] ➡️  Transform: C:\Users\web.atendimento\AppData\Local\Programs\Python\Python313\python.exe C:\Users\web.atendimento\crypto_tech\etl\transform.py
   [2025-10-06 10:56:38.198744] Features salvas com sucesso em: data/processed/crypto_features.parquet
   Total de registros: 3054
   Primeira data: 2025-10-01 00:11:50+00:00 | Última data: 2025-10-06 13:56:03+00:00
[2025-10-06 10:56:38] ✅ Transform concluído com sucesso.
[2025-10-06 10:56:38] 📦 Features atualizadas: 2025-10-06 10:56:38
[2025-10-06 10:56:38] ➡️  Train: C:\Users\web.atendimento\AppData\Local\Programs\Python\Python313\python.exe C:\Users\web.atendimento\crypto_tech\model\train.py
   
   [2025-10-06 10:56:39.998302] Iniciando treinamento...
   Total de registros no dataset: 3054
   Moedas disponíveis: ['btc', 'ada', 'eth', 'ltc', 'xrp', 'sol']
   
   [2025-10-06 10:56:40.224721] Modelo treinado para BTC
   Registros totais usados: 509
   Período: 2025-10-01 00:11:50+00:00 - 2025-10-06 13:56:03+00:00
   MAE: 4408.9852
   R² : -3.7840
   Traceback (most recent call last):
     File "C:\Users\web.atendimento\crypto_tech\model\train.py", line 73, in <module>
       run()
       ~~~^^
     File "C:\Users\web.atendimento\crypto_tech\model\train.py", line 70, in run
       train_for_symbol(df, symbol)
       ~~~~~~~~~~~~~~~~^^^^^^^^^^^^
     File "C:\Users\web.atendimento\crypto_tech\model\train.py", line 52, in train_for_symbol
       print(f"\u2705 Modelo salvo em {model_path}")
       ~~~~~^^^^^^^^^^^^^^^^^^^^^^^^^^^^^^^^^^^^
     File "C:\Users\web.atendimento\AppData\Local\Programs\Python\Python313\Lib\encodings\cp1252.py", line 19, in encode
       return codecs.charmap_encode(input,self.errors,encoding_table)[0]
              ~~~~~~~~~~~~~~~~~~~~~^^^^^^^^^^^^^^^^^^^^^^^^^^^^^^^^^^
   UnicodeEncodeError: 'charmap' codec can't encode character '\u2705' in position 0: character maps to <undefined>
[2025-10-06 10:56:40] ❌ Train falhou (exit=1).
[2025-10-06 10:57:10] 🚀 Iniciando ciclo ETL (Extract → Transform → Train → Predict)...
[2025-10-06 10:57:10] ➡️  Extract: C:\Users\web.atendimento\AppData\Local\Programs\Python\Python313\python.exe C:\Users\web.atendimento\crypto_tech\etl\extract.py
   [2025-10-06 10:57:10.724156] Iniciando extração única...
   [2025-10-06 10:57:11.021012] Dados salvos com sucesso.
[2025-10-06 10:57:11] ✅ Extract concluído com sucesso.
[2025-10-06 10:57:11] ➡️  Transform: C:\Users\web.atendimento\AppData\Local\Programs\Python\Python313\python.exe C:\Users\web.atendimento\crypto_tech\etl\transform.py
   [2025-10-06 10:57:11.732745] Features salvas com sucesso em: data/processed/crypto_features.parquet
   Total de registros: 3060
   Primeira data: 2025-10-01 00:11:50+00:00 | Última data: 2025-10-06 13:56:37+00:00
[2025-10-06 10:57:11] ✅ Transform concluído com sucesso.
[2025-10-06 10:57:11] 📦 Features atualizadas: 2025-10-06 10:57:11
[2025-10-06 10:57:11] ➡️  Train: C:\Users\web.atendimento\AppData\Local\Programs\Python\Python313\python.exe C:\Users\web.atendimento\crypto_tech\model\train.py
   
   [2025-10-06 10:57:13.454728] Iniciando treinamento...
   Total de registros no dataset: 3060
   Moedas disponíveis: ['btc', 'ada', 'eth', 'ltc', 'xrp', 'sol']
   
   [2025-10-06 10:57:13.677855] Modelo treinado para BTC
   Registros totais usados: 510
   Período: 2025-10-01 00:11:50+00:00 - 2025-10-06 13:56:37+00:00
   MAE: 4463.2509
   R² : -4.0500
   Traceback (most recent call last):
     File "C:\Users\web.atendimento\crypto_tech\model\train.py", line 73, in <module>
       run()
       ~~~^^
     File "C:\Users\web.atendimento\crypto_tech\model\train.py", line 70, in run
       train_for_symbol(df, symbol)
       ~~~~~~~~~~~~~~~~^^^^^^^^^^^^
     File "C:\Users\web.atendimento\crypto_tech\model\train.py", line 52, in train_for_symbol
       print(f"\u2705 Modelo salvo em {model_path}")
       ~~~~~^^^^^^^^^^^^^^^^^^^^^^^^^^^^^^^^^^^^
     File "C:\Users\web.atendimento\AppData\Local\Programs\Python\Python313\Lib\encodings\cp1252.py", line 19, in encode
       return codecs.charmap_encode(input,self.errors,encoding_table)[0]
              ~~~~~~~~~~~~~~~~~~~~~^^^^^^^^^^^^^^^^^^^^^^^^^^^^^^^^^^
   UnicodeEncodeError: 'charmap' codec can't encode character '\u2705' in position 0: character maps to <undefined>
[2025-10-06 10:57:13] ❌ Train falhou (exit=1).
[2025-10-06 10:57:43] 🚀 Iniciando ciclo ETL (Extract → Transform → Train → Predict)...
[2025-10-06 10:57:43] ➡️  Extract: C:\Users\web.atendimento\AppData\Local\Programs\Python\Python313\python.exe C:\Users\web.atendimento\crypto_tech\etl\extract.py
   [2025-10-06 10:57:44.168664] Iniciando extração única...
   [2025-10-06 10:57:44.797796] Dados salvos com sucesso.
[2025-10-06 10:57:44] ✅ Extract concluído com sucesso.
[2025-10-06 10:57:44] ➡️  Transform: C:\Users\web.atendimento\AppData\Local\Programs\Python\Python313\python.exe C:\Users\web.atendimento\crypto_tech\etl\transform.py
   [2025-10-06 10:57:45.514351] Features salvas com sucesso em: data/processed/crypto_features.parquet
   Total de registros: 3066
   Primeira data: 2025-10-01 00:11:50+00:00 | Última data: 2025-10-06 13:57:11+00:00
[2025-10-06 10:57:45] ✅ Transform concluído com sucesso.
[2025-10-06 10:57:45] 📦 Features atualizadas: 2025-10-06 10:57:45
[2025-10-06 10:57:45] ➡️  Train: C:\Users\web.atendimento\AppData\Local\Programs\Python\Python313\python.exe C:\Users\web.atendimento\crypto_tech\model\train.py
   
   [2025-10-06 10:57:47.238219] Iniciando treinamento...
   Total de registros no dataset: 3066
   Moedas disponíveis: ['btc', 'ada', 'eth', 'ltc', 'xrp', 'sol']
   
   [2025-10-06 10:57:47.466329] Modelo treinado para BTC
   Registros totais usados: 511
   Período: 2025-10-01 00:11:50+00:00 - 2025-10-06 13:57:11+00:00
   MAE: 4474.5100
   R² : -4.0993
   Traceback (most recent call last):
     File "C:\Users\web.atendimento\crypto_tech\model\train.py", line 73, in <module>
       run()
       ~~~^^
     File "C:\Users\web.atendimento\crypto_tech\model\train.py", line 70, in run
       train_for_symbol(df, symbol)
       ~~~~~~~~~~~~~~~~^^^^^^^^^^^^
     File "C:\Users\web.atendimento\crypto_tech\model\train.py", line 52, in train_for_symbol
       print(f"\u2705 Modelo salvo em {model_path}")
       ~~~~~^^^^^^^^^^^^^^^^^^^^^^^^^^^^^^^^^^^^
     File "C:\Users\web.atendimento\AppData\Local\Programs\Python\Python313\Lib\encodings\cp1252.py", line 19, in encode
       return codecs.charmap_encode(input,self.errors,encoding_table)[0]
              ~~~~~~~~~~~~~~~~~~~~~^^^^^^^^^^^^^^^^^^^^^^^^^^^^^^^^^^
   UnicodeEncodeError: 'charmap' codec can't encode character '\u2705' in position 0: character maps to <undefined>
[2025-10-06 10:57:47] ❌ Train falhou (exit=1).
[2025-10-06 10:58:17] 🚀 Iniciando ciclo ETL (Extract → Transform → Train → Predict)...
[2025-10-06 10:58:17] ➡️  Extract: C:\Users\web.atendimento\AppData\Local\Programs\Python\Python313\python.exe C:\Users\web.atendimento\crypto_tech\etl\extract.py
   [2025-10-06 10:58:17.932961] Iniciando extração única...
   [2025-10-06 10:58:18.224207] Dados salvos com sucesso.
[2025-10-06 10:58:18] ✅ Extract concluído com sucesso.
[2025-10-06 10:58:18] ➡️  Transform: C:\Users\web.atendimento\AppData\Local\Programs\Python\Python313\python.exe C:\Users\web.atendimento\crypto_tech\etl\transform.py
   [2025-10-06 10:58:18.875927] Features salvas com sucesso em: data/processed/crypto_features.parquet
   Total de registros: 3072
   Primeira data: 2025-10-01 00:11:50+00:00 | Última data: 2025-10-06 13:57:44+00:00
[2025-10-06 10:58:18] ✅ Transform concluído com sucesso.
[2025-10-06 10:58:18] 📦 Features atualizadas: 2025-10-06 10:58:18
[2025-10-06 10:58:18] ➡️  Train: C:\Users\web.atendimento\AppData\Local\Programs\Python\Python313\python.exe C:\Users\web.atendimento\crypto_tech\model\train.py
   
   [2025-10-06 10:58:20.607818] Iniciando treinamento...
   Total de registros no dataset: 3072
   Moedas disponíveis: ['btc', 'ada', 'eth', 'ltc', 'xrp', 'sol']
   
   [2025-10-06 10:58:20.831685] Modelo treinado para BTC
   Registros totais usados: 512
   Período: 2025-10-01 00:11:50+00:00 - 2025-10-06 13:57:44+00:00
   MAE: 4528.0537
   R² : -4.3988
   Traceback (most recent call last):
     File "C:\Users\web.atendimento\crypto_tech\model\train.py", line 73, in <module>
       run()
       ~~~^^
     File "C:\Users\web.atendimento\crypto_tech\model\train.py", line 70, in run
       train_for_symbol(df, symbol)
       ~~~~~~~~~~~~~~~~^^^^^^^^^^^^
     File "C:\Users\web.atendimento\crypto_tech\model\train.py", line 52, in train_for_symbol
       print(f"\u2705 Modelo salvo em {model_path}")
       ~~~~~^^^^^^^^^^^^^^^^^^^^^^^^^^^^^^^^^^^^
     File "C:\Users\web.atendimento\AppData\Local\Programs\Python\Python313\Lib\encodings\cp1252.py", line 19, in encode
       return codecs.charmap_encode(input,self.errors,encoding_table)[0]
              ~~~~~~~~~~~~~~~~~~~~~^^^^^^^^^^^^^^^^^^^^^^^^^^^^^^^^^^
   UnicodeEncodeError: 'charmap' codec can't encode character '\u2705' in position 0: character maps to <undefined>
[2025-10-06 10:58:21] ❌ Train falhou (exit=1).
[2025-10-06 10:58:51] 🚀 Iniciando ciclo ETL (Extract → Transform → Train → Predict)...
[2025-10-06 10:58:51] ➡️  Extract: C:\Users\web.atendimento\AppData\Local\Programs\Python\Python313\python.exe C:\Users\web.atendimento\crypto_tech\etl\extract.py
   [2025-10-06 10:58:51.295675] Iniciando extração única...
   [2025-10-06 10:58:51.755042] Dados salvos com sucesso.
[2025-10-06 10:58:51] ✅ Extract concluído com sucesso.
[2025-10-06 10:58:51] ➡️  Transform: C:\Users\web.atendimento\AppData\Local\Programs\Python\Python313\python.exe C:\Users\web.atendimento\crypto_tech\etl\transform.py
   [2025-10-06 10:58:52.431726] Features salvas com sucesso em: data/processed/crypto_features.parquet
   Total de registros: 3078
   Primeira data: 2025-10-01 00:11:50+00:00 | Última data: 2025-10-06 13:58:18+00:00
[2025-10-06 10:58:52] ✅ Transform concluído com sucesso.
[2025-10-06 10:58:52] 📦 Features atualizadas: 2025-10-06 10:58:52
[2025-10-06 10:58:52] ➡️  Train: C:\Users\web.atendimento\AppData\Local\Programs\Python\Python313\python.exe C:\Users\web.atendimento\crypto_tech\model\train.py
   
   [2025-10-06 10:58:54.031853] Iniciando treinamento...
   Total de registros no dataset: 3078
   Moedas disponíveis: ['btc', 'ada', 'eth', 'ltc', 'xrp', 'sol']
   
   [2025-10-06 10:58:54.245122] Modelo treinado para BTC
   Registros totais usados: 513
   Período: 2025-10-01 00:11:50+00:00 - 2025-10-06 13:58:18+00:00
   MAE: 4582.4200
   R² : -4.7202
   Traceback (most recent call last):
     File "C:\Users\web.atendimento\crypto_tech\model\train.py", line 73, in <module>
       run()
       ~~~^^
     File "C:\Users\web.atendimento\crypto_tech\model\train.py", line 70, in run
       train_for_symbol(df, symbol)
       ~~~~~~~~~~~~~~~~^^^^^^^^^^^^
     File "C:\Users\web.atendimento\crypto_tech\model\train.py", line 52, in train_for_symbol
       print(f"\u2705 Modelo salvo em {model_path}")
       ~~~~~^^^^^^^^^^^^^^^^^^^^^^^^^^^^^^^^^^^^
     File "C:\Users\web.atendimento\AppData\Local\Programs\Python\Python313\Lib\encodings\cp1252.py", line 19, in encode
       return codecs.charmap_encode(input,self.errors,encoding_table)[0]
              ~~~~~~~~~~~~~~~~~~~~~^^^^^^^^^^^^^^^^^^^^^^^^^^^^^^^^^^
   UnicodeEncodeError: 'charmap' codec can't encode character '\u2705' in position 0: character maps to <undefined>
[2025-10-06 10:58:54] ❌ Train falhou (exit=1).
[2025-10-06 10:59:24] 🚀 Iniciando ciclo ETL (Extract → Transform → Train → Predict)...
[2025-10-06 10:59:24] ➡️  Extract: C:\Users\web.atendimento\AppData\Local\Programs\Python\Python313\python.exe C:\Users\web.atendimento\crypto_tech\etl\extract.py
   [2025-10-06 10:59:24.709350] Iniciando extração única...
   [2025-10-06 10:59:25.017485] Dados salvos com sucesso.
[2025-10-06 10:59:25] ✅ Extract concluído com sucesso.
[2025-10-06 10:59:25] ➡️  Transform: C:\Users\web.atendimento\AppData\Local\Programs\Python\Python313\python.exe C:\Users\web.atendimento\crypto_tech\etl\transform.py
   [2025-10-06 10:59:25.680757] Features salvas com sucesso em: data/processed/crypto_features.parquet
   Total de registros: 3084
   Primeira data: 2025-10-01 00:11:50+00:00 | Última data: 2025-10-06 13:58:51+00:00
[2025-10-06 10:59:25] ✅ Transform concluído com sucesso.
[2025-10-06 10:59:25] 📦 Features atualizadas: 2025-10-06 10:59:25
[2025-10-06 10:59:25] ➡️  Train: C:\Users\web.atendimento\AppData\Local\Programs\Python\Python313\python.exe C:\Users\web.atendimento\crypto_tech\model\train.py
   
   [2025-10-06 10:59:27.261594] Iniciando treinamento...
   Total de registros no dataset: 3084
   Moedas disponíveis: ['btc', 'ada', 'eth', 'ltc', 'xrp', 'sol']
   
   [2025-10-06 10:59:27.490601] Modelo treinado para BTC
   Registros totais usados: 514
   Período: 2025-10-01 00:11:50+00:00 - 2025-10-06 13:58:51+00:00
   MAE: 4639.6722
   R² : -5.0865
   Traceback (most recent call last):
     File "C:\Users\web.atendimento\crypto_tech\model\train.py", line 73, in <module>
       run()
       ~~~^^
     File "C:\Users\web.atendimento\crypto_tech\model\train.py", line 70, in run
       train_for_symbol(df, symbol)
       ~~~~~~~~~~~~~~~~^^^^^^^^^^^^
     File "C:\Users\web.atendimento\crypto_tech\model\train.py", line 52, in train_for_symbol
       print(f"\u2705 Modelo salvo em {model_path}")
       ~~~~~^^^^^^^^^^^^^^^^^^^^^^^^^^^^^^^^^^^^
     File "C:\Users\web.atendimento\AppData\Local\Programs\Python\Python313\Lib\encodings\cp1252.py", line 19, in encode
       return codecs.charmap_encode(input,self.errors,encoding_table)[0]
              ~~~~~~~~~~~~~~~~~~~~~^^^^^^^^^^^^^^^^^^^^^^^^^^^^^^^^^^
   UnicodeEncodeError: 'charmap' codec can't encode character '\u2705' in position 0: character maps to <undefined>
[2025-10-06 10:59:27] ❌ Train falhou (exit=1).
[2025-10-06 10:59:57] 🚀 Iniciando ciclo ETL (Extract → Transform → Train → Predict)...
[2025-10-06 10:59:57] ➡️  Extract: C:\Users\web.atendimento\AppData\Local\Programs\Python\Python313\python.exe C:\Users\web.atendimento\crypto_tech\etl\extract.py
   [2025-10-06 10:59:57.949189] Iniciando extração única...
   [2025-10-06 10:59:58.418986] Dados salvos com sucesso.
[2025-10-06 10:59:58] ✅ Extract concluído com sucesso.
[2025-10-06 10:59:58] ➡️  Transform: C:\Users\web.atendimento\AppData\Local\Programs\Python\Python313\python.exe C:\Users\web.atendimento\crypto_tech\etl\transform.py
   [2025-10-06 10:59:59.114135] Features salvas com sucesso em: data/processed/crypto_features.parquet
   Total de registros: 3090
   Primeira data: 2025-10-01 00:11:50+00:00 | Última data: 2025-10-06 13:59:25+00:00
[2025-10-06 10:59:59] ✅ Transform concluído com sucesso.
[2025-10-06 10:59:59] 📦 Features atualizadas: 2025-10-06 10:59:59
[2025-10-06 10:59:59] ➡️  Train: C:\Users\web.atendimento\AppData\Local\Programs\Python\Python313\python.exe C:\Users\web.atendimento\crypto_tech\model\train.py
   
   [2025-10-06 11:00:00.699105] Iniciando treinamento...
   Total de registros no dataset: 3090
   Moedas disponíveis: ['btc', 'ada', 'eth', 'ltc', 'xrp', 'sol']
   
   [2025-10-06 11:00:00.924386] Modelo treinado para BTC
   Registros totais usados: 515
   Período: 2025-10-01 00:11:50+00:00 - 2025-10-06 13:59:25+00:00
   MAE: 4694.6900
   R² : -5.5096
   Traceback (most recent call last):
     File "C:\Users\web.atendimento\crypto_tech\model\train.py", line 73, in <module>
       run()
       ~~~^^
     File "C:\Users\web.atendimento\crypto_tech\model\train.py", line 70, in run
       train_for_symbol(df, symbol)
       ~~~~~~~~~~~~~~~~^^^^^^^^^^^^
     File "C:\Users\web.atendimento\crypto_tech\model\train.py", line 52, in train_for_symbol
       print(f"\u2705 Modelo salvo em {model_path}")
       ~~~~~^^^^^^^^^^^^^^^^^^^^^^^^^^^^^^^^^^^^
     File "C:\Users\web.atendimento\AppData\Local\Programs\Python\Python313\Lib\encodings\cp1252.py", line 19, in encode
       return codecs.charmap_encode(input,self.errors,encoding_table)[0]
              ~~~~~~~~~~~~~~~~~~~~~^^^^^^^^^^^^^^^^^^^^^^^^^^^^^^^^^^
   UnicodeEncodeError: 'charmap' codec can't encode character '\u2705' in position 0: character maps to <undefined>
[2025-10-06 11:00:01] ❌ Train falhou (exit=1).
[2025-10-06 11:00:31] 🚀 Iniciando ciclo ETL (Extract → Transform → Train → Predict)...
[2025-10-06 11:00:31] ➡️  Extract: C:\Users\web.atendimento\AppData\Local\Programs\Python\Python313\python.exe C:\Users\web.atendimento\crypto_tech\etl\extract.py
   [2025-10-06 11:00:31.385441] Iniciando extração única...
   [2025-10-06 11:00:31.681711] Dados salvos com sucesso.
[2025-10-06 11:00:31] ✅ Extract concluído com sucesso.
[2025-10-06 11:00:31] ➡️  Transform: C:\Users\web.atendimento\AppData\Local\Programs\Python\Python313\python.exe C:\Users\web.atendimento\crypto_tech\etl\transform.py
   [2025-10-06 11:00:32.327631] Features salvas com sucesso em: data/processed/crypto_features.parquet
   Total de registros: 3096
   Primeira data: 2025-10-01 00:11:50+00:00 | Última data: 2025-10-06 13:59:58+00:00
[2025-10-06 11:00:32] ✅ Transform concluído com sucesso.
[2025-10-06 11:00:32] 📦 Features atualizadas: 2025-10-06 11:00:32
[2025-10-06 11:00:32] ➡️  Train: C:\Users\web.atendimento\AppData\Local\Programs\Python\Python313\python.exe C:\Users\web.atendimento\crypto_tech\model\train.py
   
   [2025-10-06 11:00:33.874328] Iniciando treinamento...
   Total de registros no dataset: 3096
   Moedas disponíveis: ['btc', 'ada', 'eth', 'ltc', 'xrp', 'sol']
   
   [2025-10-06 11:00:34.091377] Modelo treinado para BTC
   Registros totais usados: 516
   Período: 2025-10-01 00:11:50+00:00 - 2025-10-06 13:59:58+00:00
   MAE: 4705.3220
   R² : -5.5711
   Traceback (most recent call last):
     File "C:\Users\web.atendimento\crypto_tech\model\train.py", line 73, in <module>
       run()
       ~~~^^
     File "C:\Users\web.atendimento\crypto_tech\model\train.py", line 70, in run
       train_for_symbol(df, symbol)
       ~~~~~~~~~~~~~~~~^^^^^^^^^^^^
     File "C:\Users\web.atendimento\crypto_tech\model\train.py", line 52, in train_for_symbol
       print(f"\u2705 Modelo salvo em {model_path}")
       ~~~~~^^^^^^^^^^^^^^^^^^^^^^^^^^^^^^^^^^^^
     File "C:\Users\web.atendimento\AppData\Local\Programs\Python\Python313\Lib\encodings\cp1252.py", line 19, in encode
       return codecs.charmap_encode(input,self.errors,encoding_table)[0]
              ~~~~~~~~~~~~~~~~~~~~~^^^^^^^^^^^^^^^^^^^^^^^^^^^^^^^^^^
   UnicodeEncodeError: 'charmap' codec can't encode character '\u2705' in position 0: character maps to <undefined>
[2025-10-06 11:00:34] ❌ Train falhou (exit=1).
[2025-10-06 11:01:04] 🚀 Iniciando ciclo ETL (Extract → Transform → Train → Predict)...
[2025-10-06 11:01:04] ➡️  Extract: C:\Users\web.atendimento\AppData\Local\Programs\Python\Python313\python.exe C:\Users\web.atendimento\crypto_tech\etl\extract.py
   [2025-10-06 11:01:04.566227] Iniciando extração única...
   [2025-10-06 11:01:05.057950] Dados salvos com sucesso.
[2025-10-06 11:01:05] ✅ Extract concluído com sucesso.
[2025-10-06 11:01:05] ➡️  Transform: C:\Users\web.atendimento\AppData\Local\Programs\Python\Python313\python.exe C:\Users\web.atendimento\crypto_tech\etl\transform.py
   [2025-10-06 11:01:05.688772] Features salvas com sucesso em: data/processed/crypto_features.parquet
   Total de registros: 3102
   Primeira data: 2025-10-01 00:11:50+00:00 | Última data: 2025-10-06 14:00:31+00:00
[2025-10-06 11:01:05] ✅ Transform concluído com sucesso.
[2025-10-06 11:01:05] 📦 Features atualizadas: 2025-10-06 11:01:05
[2025-10-06 11:01:05] ➡️  Train: C:\Users\web.atendimento\AppData\Local\Programs\Python\Python313\python.exe C:\Users\web.atendimento\crypto_tech\model\train.py
   
   [2025-10-06 11:01:07.282819] Iniciando treinamento...
   Total de registros no dataset: 3102
   Moedas disponíveis: ['btc', 'ada', 'eth', 'ltc', 'xrp', 'sol']
   
   [2025-10-06 11:01:07.499355] Modelo treinado para BTC
   Registros totais usados: 517
   Período: 2025-10-01 00:11:50+00:00 - 2025-10-06 14:00:31+00:00
   MAE: 4760.0440
   R² : -6.0886
   Traceback (most recent call last):
     File "C:\Users\web.atendimento\crypto_tech\model\train.py", line 73, in <module>
       run()
       ~~~^^
     File "C:\Users\web.atendimento\crypto_tech\model\train.py", line 70, in run
       train_for_symbol(df, symbol)
       ~~~~~~~~~~~~~~~~^^^^^^^^^^^^
     File "C:\Users\web.atendimento\crypto_tech\model\train.py", line 52, in train_for_symbol
       print(f"\u2705 Modelo salvo em {model_path}")
       ~~~~~^^^^^^^^^^^^^^^^^^^^^^^^^^^^^^^^^^^^
     File "C:\Users\web.atendimento\AppData\Local\Programs\Python\Python313\Lib\encodings\cp1252.py", line 19, in encode
       return codecs.charmap_encode(input,self.errors,encoding_table)[0]
              ~~~~~~~~~~~~~~~~~~~~~^^^^^^^^^^^^^^^^^^^^^^^^^^^^^^^^^^
   UnicodeEncodeError: 'charmap' codec can't encode character '\u2705' in position 0: character maps to <undefined>
[2025-10-06 11:01:07] ❌ Train falhou (exit=1).
[2025-10-06 11:01:37] 🚀 Iniciando ciclo ETL (Extract → Transform → Train → Predict)...
[2025-10-06 11:01:37] ➡️  Extract: C:\Users\web.atendimento\AppData\Local\Programs\Python\Python313\python.exe C:\Users\web.atendimento\crypto_tech\etl\extract.py
   [2025-10-06 11:01:37.962397] Iniciando extração única...
   [2025-10-06 11:01:38.255703] Dados salvos com sucesso.
[2025-10-06 11:01:38] ✅ Extract concluído com sucesso.
[2025-10-06 11:01:38] ➡️  Transform: C:\Users\web.atendimento\AppData\Local\Programs\Python\Python313\python.exe C:\Users\web.atendimento\crypto_tech\etl\transform.py
   [2025-10-06 11:01:38.963117] Features salvas com sucesso em: data/processed/crypto_features.parquet
   Total de registros: 3108
   Primeira data: 2025-10-01 00:11:50+00:00 | Última data: 2025-10-06 14:01:05+00:00
[2025-10-06 11:01:39] ✅ Transform concluído com sucesso.
[2025-10-06 11:01:39] 📦 Features atualizadas: 2025-10-06 11:01:38
[2025-10-06 11:01:39] ➡️  Train: C:\Users\web.atendimento\AppData\Local\Programs\Python\Python313\python.exe C:\Users\web.atendimento\crypto_tech\model\train.py
   
   [2025-10-06 11:01:40.721793] Iniciando treinamento...
   Total de registros no dataset: 3108
   Moedas disponíveis: ['btc', 'ada', 'eth', 'ltc', 'xrp', 'sol']
   
   [2025-10-06 11:01:40.964546] Modelo treinado para BTC
   Registros totais usados: 518
   Período: 2025-10-01 00:11:50+00:00 - 2025-10-06 14:01:05+00:00
   MAE: 4815.0697
   R² : -6.6933
   Traceback (most recent call last):
     File "C:\Users\web.atendimento\crypto_tech\model\train.py", line 73, in <module>
       run()
       ~~~^^
     File "C:\Users\web.atendimento\crypto_tech\model\train.py", line 70, in run
       train_for_symbol(df, symbol)
       ~~~~~~~~~~~~~~~~^^^^^^^^^^^^
     File "C:\Users\web.atendimento\crypto_tech\model\train.py", line 52, in train_for_symbol
       print(f"\u2705 Modelo salvo em {model_path}")
       ~~~~~^^^^^^^^^^^^^^^^^^^^^^^^^^^^^^^^^^^^
     File "C:\Users\web.atendimento\AppData\Local\Programs\Python\Python313\Lib\encodings\cp1252.py", line 19, in encode
       return codecs.charmap_encode(input,self.errors,encoding_table)[0]
              ~~~~~~~~~~~~~~~~~~~~~^^^^^^^^^^^^^^^^^^^^^^^^^^^^^^^^^^
   UnicodeEncodeError: 'charmap' codec can't encode character '\u2705' in position 0: character maps to <undefined>
[2025-10-06 11:01:41] ❌ Train falhou (exit=1).
[2025-10-06 11:02:11] 🚀 Iniciando ciclo ETL (Extract → Transform → Train → Predict)...
[2025-10-06 11:02:11] ➡️  Extract: C:\Users\web.atendimento\AppData\Local\Programs\Python\Python313\python.exe C:\Users\web.atendimento\crypto_tech\etl\extract.py
   [2025-10-06 11:02:11.441125] Iniciando extração única...
   [2025-10-06 11:02:12.036625] Dados salvos com sucesso.
[2025-10-06 11:02:12] ✅ Extract concluído com sucesso.
[2025-10-06 11:02:12] ➡️  Transform: C:\Users\web.atendimento\AppData\Local\Programs\Python\Python313\python.exe C:\Users\web.atendimento\crypto_tech\etl\transform.py
   [2025-10-06 11:02:12.698416] Features salvas com sucesso em: data/processed/crypto_features.parquet
   Total de registros: 3114
   Primeira data: 2025-10-01 00:11:50+00:00 | Última data: 2025-10-06 14:01:38+00:00
[2025-10-06 11:02:12] ✅ Transform concluído com sucesso.
[2025-10-06 11:02:12] 📦 Features atualizadas: 2025-10-06 11:02:12
[2025-10-06 11:02:12] ➡️  Train: C:\Users\web.atendimento\AppData\Local\Programs\Python\Python313\python.exe C:\Users\web.atendimento\crypto_tech\model\train.py
   
   [2025-10-06 11:02:14.271548] Iniciando treinamento...
   Total de registros no dataset: 3114
   Moedas disponíveis: ['btc', 'ada', 'eth', 'ltc', 'xrp', 'sol']
   
   [2025-10-06 11:02:14.497693] Modelo treinado para BTC
   Registros totais usados: 519
   Período: 2025-10-01 00:11:50+00:00 - 2025-10-06 14:01:38+00:00
   MAE: 4870.5108
   R² : -7.4076
   Traceback (most recent call last):
     File "C:\Users\web.atendimento\crypto_tech\model\train.py", line 73, in <module>
       run()
       ~~~^^
     File "C:\Users\web.atendimento\crypto_tech\model\train.py", line 70, in run
       train_for_symbol(df, symbol)
       ~~~~~~~~~~~~~~~~^^^^^^^^^^^^
     File "C:\Users\web.atendimento\crypto_tech\model\train.py", line 52, in train_for_symbol
       print(f"\u2705 Modelo salvo em {model_path}")
       ~~~~~^^^^^^^^^^^^^^^^^^^^^^^^^^^^^^^^^^^^
     File "C:\Users\web.atendimento\AppData\Local\Programs\Python\Python313\Lib\encodings\cp1252.py", line 19, in encode
       return codecs.charmap_encode(input,self.errors,encoding_table)[0]
              ~~~~~~~~~~~~~~~~~~~~~^^^^^^^^^^^^^^^^^^^^^^^^^^^^^^^^^^
   UnicodeEncodeError: 'charmap' codec can't encode character '\u2705' in position 0: character maps to <undefined>
[2025-10-06 11:02:14] ❌ Train falhou (exit=1).
[2025-10-06 11:02:44] 🚀 Iniciando ciclo ETL (Extract → Transform → Train → Predict)...
[2025-10-06 11:02:44] ➡️  Extract: C:\Users\web.atendimento\AppData\Local\Programs\Python\Python313\python.exe C:\Users\web.atendimento\crypto_tech\etl\extract.py
   [2025-10-06 11:02:45.024874] Iniciando extração única...
   [2025-10-06 11:02:45.362928] Dados salvos com sucesso.
[2025-10-06 11:02:45] ✅ Extract concluído com sucesso.
[2025-10-06 11:02:45] ➡️  Transform: C:\Users\web.atendimento\AppData\Local\Programs\Python\Python313\python.exe C:\Users\web.atendimento\crypto_tech\etl\transform.py
   [2025-10-06 11:02:46.355467] Features salvas com sucesso em: data/processed/crypto_features.parquet
   Total de registros: 3120
   Primeira data: 2025-10-01 00:11:50+00:00 | Última data: 2025-10-06 14:02:12+00:00
[2025-10-06 11:02:46] ✅ Transform concluído com sucesso.
[2025-10-06 11:02:46] 📦 Features atualizadas: 2025-10-06 11:02:46
[2025-10-06 11:02:46] ➡️  Train: C:\Users\web.atendimento\AppData\Local\Programs\Python\Python313\python.exe C:\Users\web.atendimento\crypto_tech\model\train.py
   
   [2025-10-06 11:02:48.984221] Iniciando treinamento...
   Total de registros no dataset: 3120
   Moedas disponíveis: ['btc', 'ada', 'eth', 'ltc', 'xrp', 'sol']
   
   [2025-10-06 11:02:49.403851] Modelo treinado para BTC
   Registros totais usados: 520
   Período: 2025-10-01 00:11:50+00:00 - 2025-10-06 14:02:12+00:00
   MAE: 4927.0253
   R² : -8.2726
   Traceback (most recent call last):
     File "C:\Users\web.atendimento\crypto_tech\model\train.py", line 73, in <module>
       run()
       ~~~^^
     File "C:\Users\web.atendimento\crypto_tech\model\train.py", line 70, in run
       train_for_symbol(df, symbol)
       ~~~~~~~~~~~~~~~~^^^^^^^^^^^^
     File "C:\Users\web.atendimento\crypto_tech\model\train.py", line 52, in train_for_symbol
       print(f"\u2705 Modelo salvo em {model_path}")
       ~~~~~^^^^^^^^^^^^^^^^^^^^^^^^^^^^^^^^^^^^
     File "C:\Users\web.atendimento\AppData\Local\Programs\Python\Python313\Lib\encodings\cp1252.py", line 19, in encode
       return codecs.charmap_encode(input,self.errors,encoding_table)[0]
              ~~~~~~~~~~~~~~~~~~~~~^^^^^^^^^^^^^^^^^^^^^^^^^^^^^^^^^^
   UnicodeEncodeError: 'charmap' codec can't encode character '\u2705' in position 0: character maps to <undefined>
[2025-10-06 11:02:49] ❌ Train falhou (exit=1).
[2025-10-06 11:03:19] 🚀 Iniciando ciclo ETL (Extract → Transform → Train → Predict)...
[2025-10-06 11:03:19] ➡️  Extract: C:\Users\web.atendimento\AppData\Local\Programs\Python\Python313\python.exe C:\Users\web.atendimento\crypto_tech\etl\extract.py
   [2025-10-06 11:03:20.008619] Iniciando extração única...
   [2025-10-06 11:03:20.498049] Dados salvos com sucesso.
[2025-10-06 11:03:20] ✅ Extract concluído com sucesso.
[2025-10-06 11:03:20] ➡️  Transform: C:\Users\web.atendimento\AppData\Local\Programs\Python\Python313\python.exe C:\Users\web.atendimento\crypto_tech\etl\transform.py
   [2025-10-06 11:03:21.187538] Features salvas com sucesso em: data/processed/crypto_features.parquet
   Total de registros: 3126
   Primeira data: 2025-10-01 00:11:50+00:00 | Última data: 2025-10-06 14:02:45+00:00
[2025-10-06 11:03:21] ✅ Transform concluído com sucesso.
[2025-10-06 11:03:21] 📦 Features atualizadas: 2025-10-06 11:03:21
[2025-10-06 11:03:21] ➡️  Train: C:\Users\web.atendimento\AppData\Local\Programs\Python\Python313\python.exe C:\Users\web.atendimento\crypto_tech\model\train.py
   
   [2025-10-06 11:03:22.879643] Iniciando treinamento...
   Total de registros no dataset: 3126
   Moedas disponíveis: ['btc', 'ada', 'eth', 'ltc', 'xrp', 'sol']
   
   [2025-10-06 11:03:23.102209] Modelo treinado para BTC
   Registros totais usados: 521
   Período: 2025-10-01 00:11:50+00:00 - 2025-10-06 14:02:45+00:00
   MAE: 4934.9645
   R² : -8.3595
   Traceback (most recent call last):
     File "C:\Users\web.atendimento\crypto_tech\model\train.py", line 73, in <module>
       run()
       ~~~^^
     File "C:\Users\web.atendimento\crypto_tech\model\train.py", line 70, in run
       train_for_symbol(df, symbol)
       ~~~~~~~~~~~~~~~~^^^^^^^^^^^^
     File "C:\Users\web.atendimento\crypto_tech\model\train.py", line 52, in train_for_symbol
       print(f"\u2705 Modelo salvo em {model_path}")
       ~~~~~^^^^^^^^^^^^^^^^^^^^^^^^^^^^^^^^^^^^
     File "C:\Users\web.atendimento\AppData\Local\Programs\Python\Python313\Lib\encodings\cp1252.py", line 19, in encode
       return codecs.charmap_encode(input,self.errors,encoding_table)[0]
              ~~~~~~~~~~~~~~~~~~~~~^^^^^^^^^^^^^^^^^^^^^^^^^^^^^^^^^^
   UnicodeEncodeError: 'charmap' codec can't encode character '\u2705' in position 0: character maps to <undefined>
[2025-10-06 11:03:23] ❌ Train falhou (exit=1).
[2025-10-06 11:03:53] 🚀 Iniciando ciclo ETL (Extract → Transform → Train → Predict)...
[2025-10-06 11:03:53] ➡️  Extract: C:\Users\web.atendimento\AppData\Local\Programs\Python\Python313\python.exe C:\Users\web.atendimento\crypto_tech\etl\extract.py
   [2025-10-06 11:03:53.595933] Iniciando extração única...
   [2025-10-06 11:03:53.893943] Dados salvos com sucesso.
[2025-10-06 11:03:53] ✅ Extract concluído com sucesso.
[2025-10-06 11:03:53] ➡️  Transform: C:\Users\web.atendimento\AppData\Local\Programs\Python\Python313\python.exe C:\Users\web.atendimento\crypto_tech\etl\transform.py
   [2025-10-06 11:03:54.605769] Features salvas com sucesso em: data/processed/crypto_features.parquet
   Total de registros: 3132
   Primeira data: 2025-10-01 00:11:50+00:00 | Última data: 2025-10-06 14:03:20+00:00
[2025-10-06 11:03:54] ✅ Transform concluído com sucesso.
[2025-10-06 11:03:54] 📦 Features atualizadas: 2025-10-06 11:03:54
[2025-10-06 11:03:54] ➡️  Train: C:\Users\web.atendimento\AppData\Local\Programs\Python\Python313\python.exe C:\Users\web.atendimento\crypto_tech\model\train.py
   
   [2025-10-06 11:03:56.256968] Iniciando treinamento...
   Total de registros no dataset: 3132
   Moedas disponíveis: ['btc', 'ada', 'eth', 'ltc', 'xrp', 'sol']
   
   [2025-10-06 11:03:56.494796] Modelo treinado para BTC
   Registros totais usados: 522
   Período: 2025-10-01 00:11:50+00:00 - 2025-10-06 14:03:20+00:00
   MAE: 4991.0728
   R² : -9.4418
   Traceback (most recent call last):
     File "C:\Users\web.atendimento\crypto_tech\model\train.py", line 73, in <module>
       run()
       ~~~^^
     File "C:\Users\web.atendimento\crypto_tech\model\train.py", line 70, in run
       train_for_symbol(df, symbol)
       ~~~~~~~~~~~~~~~~^^^^^^^^^^^^
     File "C:\Users\web.atendimento\crypto_tech\model\train.py", line 52, in train_for_symbol
       print(f"\u2705 Modelo salvo em {model_path}")
       ~~~~~^^^^^^^^^^^^^^^^^^^^^^^^^^^^^^^^^^^^
     File "C:\Users\web.atendimento\AppData\Local\Programs\Python\Python313\Lib\encodings\cp1252.py", line 19, in encode
       return codecs.charmap_encode(input,self.errors,encoding_table)[0]
              ~~~~~~~~~~~~~~~~~~~~~^^^^^^^^^^^^^^^^^^^^^^^^^^^^^^^^^^
   UnicodeEncodeError: 'charmap' codec can't encode character '\u2705' in position 0: character maps to <undefined>
[2025-10-06 11:03:56] ❌ Train falhou (exit=1).
[2025-10-06 11:04:26] 🚀 Iniciando ciclo ETL (Extract → Transform → Train → Predict)...
[2025-10-06 11:04:26] ➡️  Extract: C:\Users\web.atendimento\AppData\Local\Programs\Python\Python313\python.exe C:\Users\web.atendimento\crypto_tech\etl\extract.py
   [2025-10-06 11:04:26.960197] Iniciando extração única...
   [2025-10-06 11:04:27.439158] Dados salvos com sucesso.
[2025-10-06 11:04:27] ✅ Extract concluído com sucesso.
[2025-10-06 11:04:27] ➡️  Transform: C:\Users\web.atendimento\AppData\Local\Programs\Python\Python313\python.exe C:\Users\web.atendimento\crypto_tech\etl\transform.py
   [2025-10-06 11:04:28.182735] Features salvas com sucesso em: data/processed/crypto_features.parquet
   Total de registros: 3138
   Primeira data: 2025-10-01 00:11:50+00:00 | Última data: 2025-10-06 14:03:53+00:00
[2025-10-06 11:04:28] ✅ Transform concluído com sucesso.
[2025-10-06 11:04:28] 📦 Features atualizadas: 2025-10-06 11:04:28
[2025-10-06 11:04:28] ➡️  Train: C:\Users\web.atendimento\AppData\Local\Programs\Python\Python313\python.exe C:\Users\web.atendimento\crypto_tech\model\train.py
   
   [2025-10-06 11:04:29.881190] Iniciando treinamento...
   Total de registros no dataset: 3138
   Moedas disponíveis: ['btc', 'ada', 'eth', 'ltc', 'xrp', 'sol']
   
   [2025-10-06 11:04:30.107782] Modelo treinado para BTC
   Registros totais usados: 523
   Período: 2025-10-01 00:11:50+00:00 - 2025-10-06 14:03:53+00:00
   MAE: 5046.3076
   R² : -10.7971
   Traceback (most recent call last):
     File "C:\Users\web.atendimento\crypto_tech\model\train.py", line 73, in <module>
       run()
       ~~~^^
     File "C:\Users\web.atendimento\crypto_tech\model\train.py", line 70, in run
       train_for_symbol(df, symbol)
       ~~~~~~~~~~~~~~~~^^^^^^^^^^^^
     File "C:\Users\web.atendimento\crypto_tech\model\train.py", line 52, in train_for_symbol
       print(f"\u2705 Modelo salvo em {model_path}")
       ~~~~~^^^^^^^^^^^^^^^^^^^^^^^^^^^^^^^^^^^^
     File "C:\Users\web.atendimento\AppData\Local\Programs\Python\Python313\Lib\encodings\cp1252.py", line 19, in encode
       return codecs.charmap_encode(input,self.errors,encoding_table)[0]
              ~~~~~~~~~~~~~~~~~~~~~^^^^^^^^^^^^^^^^^^^^^^^^^^^^^^^^^^
   UnicodeEncodeError: 'charmap' codec can't encode character '\u2705' in position 0: character maps to <undefined>
[2025-10-06 11:04:30] ❌ Train falhou (exit=1).
[2025-10-06 11:05:00] 🚀 Iniciando ciclo ETL (Extract → Transform → Train → Predict)...
[2025-10-06 11:05:00] ➡️  Extract: C:\Users\web.atendimento\AppData\Local\Programs\Python\Python313\python.exe C:\Users\web.atendimento\crypto_tech\etl\extract.py
   [2025-10-06 11:05:00.591059] Iniciando extração única...
   [2025-10-06 11:05:00.890628] Dados salvos com sucesso.
[2025-10-06 11:05:00] ✅ Extract concluído com sucesso.
[2025-10-06 11:05:00] ➡️  Transform: C:\Users\web.atendimento\AppData\Local\Programs\Python\Python313\python.exe C:\Users\web.atendimento\crypto_tech\etl\transform.py
   [2025-10-06 11:05:01.612677] Features salvas com sucesso em: data/processed/crypto_features.parquet
   Total de registros: 3144
   Primeira data: 2025-10-01 00:11:50+00:00 | Última data: 2025-10-06 14:04:27+00:00
[2025-10-06 11:05:01] ✅ Transform concluído com sucesso.
[2025-10-06 11:05:01] 📦 Features atualizadas: 2025-10-06 11:05:01
[2025-10-06 11:05:01] ➡️  Train: C:\Users\web.atendimento\AppData\Local\Programs\Python\Python313\python.exe C:\Users\web.atendimento\crypto_tech\model\train.py
   
   [2025-10-06 11:05:03.341328] Iniciando treinamento...
   Total de registros no dataset: 3144
   Moedas disponíveis: ['btc', 'ada', 'eth', 'ltc', 'xrp', 'sol']
   
   [2025-10-06 11:05:03.565238] Modelo treinado para BTC
   Registros totais usados: 524
   Período: 2025-10-01 00:11:50+00:00 - 2025-10-06 14:04:27+00:00
   MAE: 5102.0733
   R² : -12.5608
   Traceback (most recent call last):
     File "C:\Users\web.atendimento\crypto_tech\model\train.py", line 73, in <module>
       run()
       ~~~^^
     File "C:\Users\web.atendimento\crypto_tech\model\train.py", line 70, in run
       train_for_symbol(df, symbol)
       ~~~~~~~~~~~~~~~~^^^^^^^^^^^^
     File "C:\Users\web.atendimento\crypto_tech\model\train.py", line 52, in train_for_symbol
       print(f"\u2705 Modelo salvo em {model_path}")
       ~~~~~^^^^^^^^^^^^^^^^^^^^^^^^^^^^^^^^^^^^
     File "C:\Users\web.atendimento\AppData\Local\Programs\Python\Python313\Lib\encodings\cp1252.py", line 19, in encode
       return codecs.charmap_encode(input,self.errors,encoding_table)[0]
              ~~~~~~~~~~~~~~~~~~~~~^^^^^^^^^^^^^^^^^^^^^^^^^^^^^^^^^^
   UnicodeEncodeError: 'charmap' codec can't encode character '\u2705' in position 0: character maps to <undefined>
[2025-10-06 11:05:03] ❌ Train falhou (exit=1).
[2025-10-06 11:05:33] 🚀 Iniciando ciclo ETL (Extract → Transform → Train → Predict)...
[2025-10-06 11:05:33] ➡️  Extract: C:\Users\web.atendimento\AppData\Local\Programs\Python\Python313\python.exe C:\Users\web.atendimento\crypto_tech\etl\extract.py
   [2025-10-06 11:05:34.084935] Iniciando extração única...
   [2025-10-06 11:05:34.533256] Dados salvos com sucesso.
[2025-10-06 11:05:34] ✅ Extract concluído com sucesso.
[2025-10-06 11:05:34] ➡️  Transform: C:\Users\web.atendimento\AppData\Local\Programs\Python\Python313\python.exe C:\Users\web.atendimento\crypto_tech\etl\transform.py
   [2025-10-06 11:05:35.241811] Features salvas com sucesso em: data/processed/crypto_features.parquet
   Total de registros: 3150
   Primeira data: 2025-10-01 00:11:50+00:00 | Última data: 2025-10-06 14:05:00+00:00
[2025-10-06 11:05:35] ✅ Transform concluído com sucesso.
[2025-10-06 11:05:35] 📦 Features atualizadas: 2025-10-06 11:05:35
[2025-10-06 11:05:35] ➡️  Train: C:\Users\web.atendimento\AppData\Local\Programs\Python\Python313\python.exe C:\Users\web.atendimento\crypto_tech\model\train.py
   
   [2025-10-06 11:05:37.002034] Iniciando treinamento...
   Total de registros no dataset: 3150
   Moedas disponíveis: ['btc', 'ada', 'eth', 'ltc', 'xrp', 'sol']
   
   [2025-10-06 11:05:37.215816] Modelo treinado para BTC
   Registros totais usados: 525
   Período: 2025-10-01 00:11:50+00:00 - 2025-10-06 14:05:00+00:00
   MAE: 5158.6279
   R² : -14.9453
   Traceback (most recent call last):
     File "C:\Users\web.atendimento\crypto_tech\model\train.py", line 73, in <module>
       run()
       ~~~^^
     File "C:\Users\web.atendimento\crypto_tech\model\train.py", line 70, in run
       train_for_symbol(df, symbol)
       ~~~~~~~~~~~~~~~~^^^^^^^^^^^^
     File "C:\Users\web.atendimento\crypto_tech\model\train.py", line 52, in train_for_symbol
       print(f"\u2705 Modelo salvo em {model_path}")
       ~~~~~^^^^^^^^^^^^^^^^^^^^^^^^^^^^^^^^^^^^
     File "C:\Users\web.atendimento\AppData\Local\Programs\Python\Python313\Lib\encodings\cp1252.py", line 19, in encode
       return codecs.charmap_encode(input,self.errors,encoding_table)[0]
              ~~~~~~~~~~~~~~~~~~~~~^^^^^^^^^^^^^^^^^^^^^^^^^^^^^^^^^^
   UnicodeEncodeError: 'charmap' codec can't encode character '\u2705' in position 0: character maps to <undefined>
[2025-10-06 11:05:37] ❌ Train falhou (exit=1).
[2025-10-06 11:06:07] 🚀 Iniciando ciclo ETL (Extract → Transform → Train → Predict)...
[2025-10-06 11:06:07] ➡️  Extract: C:\Users\web.atendimento\AppData\Local\Programs\Python\Python313\python.exe C:\Users\web.atendimento\crypto_tech\etl\extract.py
   [2025-10-06 11:06:07.702261] Iniciando extração única...
   [2025-10-06 11:06:08.001071] Dados salvos com sucesso.
[2025-10-06 11:06:08] ✅ Extract concluído com sucesso.
[2025-10-06 11:06:08] ➡️  Transform: C:\Users\web.atendimento\AppData\Local\Programs\Python\Python313\python.exe C:\Users\web.atendimento\crypto_tech\etl\transform.py
   [2025-10-06 11:06:08.721706] Features salvas com sucesso em: data/processed/crypto_features.parquet
   Total de registros: 3156
   Primeira data: 2025-10-01 00:11:50+00:00 | Última data: 2025-10-06 14:05:34+00:00
[2025-10-06 11:06:08] ✅ Transform concluído com sucesso.
[2025-10-06 11:06:08] 📦 Features atualizadas: 2025-10-06 11:06:08
[2025-10-06 11:06:08] ➡️  Train: C:\Users\web.atendimento\AppData\Local\Programs\Python\Python313\python.exe C:\Users\web.atendimento\crypto_tech\model\train.py
   
   [2025-10-06 11:06:10.345756] Iniciando treinamento...
   Total de registros no dataset: 3156
   Moedas disponíveis: ['btc', 'ada', 'eth', 'ltc', 'xrp', 'sol']
   
   [2025-10-06 11:06:10.575913] Modelo treinado para BTC
   Registros totais usados: 526
   Período: 2025-10-01 00:11:50+00:00 - 2025-10-06 14:05:34+00:00
   MAE: 5164.9788
   R² : -15.0865
   Traceback (most recent call last):
     File "C:\Users\web.atendimento\crypto_tech\model\train.py", line 73, in <module>
       run()
       ~~~^^
     File "C:\Users\web.atendimento\crypto_tech\model\train.py", line 70, in run
       train_for_symbol(df, symbol)
       ~~~~~~~~~~~~~~~~^^^^^^^^^^^^
     File "C:\Users\web.atendimento\crypto_tech\model\train.py", line 52, in train_for_symbol
       print(f"\u2705 Modelo salvo em {model_path}")
       ~~~~~^^^^^^^^^^^^^^^^^^^^^^^^^^^^^^^^^^^^
     File "C:\Users\web.atendimento\AppData\Local\Programs\Python\Python313\Lib\encodings\cp1252.py", line 19, in encode
       return codecs.charmap_encode(input,self.errors,encoding_table)[0]
              ~~~~~~~~~~~~~~~~~~~~~^^^^^^^^^^^^^^^^^^^^^^^^^^^^^^^^^^
   UnicodeEncodeError: 'charmap' codec can't encode character '\u2705' in position 0: character maps to <undefined>
[2025-10-06 11:06:10] ❌ Train falhou (exit=1).
[2025-10-06 11:06:40] 🚀 Iniciando ciclo ETL (Extract → Transform → Train → Predict)...
[2025-10-06 11:06:40] ➡️  Extract: C:\Users\web.atendimento\AppData\Local\Programs\Python\Python313\python.exe C:\Users\web.atendimento\crypto_tech\etl\extract.py
   [2025-10-06 11:06:41.070783] Iniciando extração única...
   [2025-10-06 11:06:41.662439] Dados salvos com sucesso.
[2025-10-06 11:06:41] ✅ Extract concluído com sucesso.
[2025-10-06 11:06:41] ➡️  Transform: C:\Users\web.atendimento\AppData\Local\Programs\Python\Python313\python.exe C:\Users\web.atendimento\crypto_tech\etl\transform.py
   [2025-10-06 11:06:42.395431] Features salvas com sucesso em: data/processed/crypto_features.parquet
   Total de registros: 3162
   Primeira data: 2025-10-01 00:11:50+00:00 | Última data: 2025-10-06 14:06:07+00:00
[2025-10-06 11:06:42] ✅ Transform concluído com sucesso.
[2025-10-06 11:06:42] 📦 Features atualizadas: 2025-10-06 11:06:42
[2025-10-06 11:06:42] ➡️  Train: C:\Users\web.atendimento\AppData\Local\Programs\Python\Python313\python.exe C:\Users\web.atendimento\crypto_tech\model\train.py
   
   [2025-10-06 11:06:44.015799] Iniciando treinamento...
   Total de registros no dataset: 3162
   Moedas disponíveis: ['btc', 'ada', 'eth', 'ltc', 'xrp', 'sol']
   
   [2025-10-06 11:06:44.247362] Modelo treinado para BTC
   Registros totais usados: 527
   Período: 2025-10-01 00:11:50+00:00 - 2025-10-06 14:06:07+00:00
   MAE: 5218.3784
   R² : -18.5084
   Traceback (most recent call last):
     File "C:\Users\web.atendimento\crypto_tech\model\train.py", line 73, in <module>
       run()
       ~~~^^
     File "C:\Users\web.atendimento\crypto_tech\model\train.py", line 70, in run
       train_for_symbol(df, symbol)
       ~~~~~~~~~~~~~~~~^^^^^^^^^^^^
     File "C:\Users\web.atendimento\crypto_tech\model\train.py", line 52, in train_for_symbol
       print(f"\u2705 Modelo salvo em {model_path}")
       ~~~~~^^^^^^^^^^^^^^^^^^^^^^^^^^^^^^^^^^^^
     File "C:\Users\web.atendimento\AppData\Local\Programs\Python\Python313\Lib\encodings\cp1252.py", line 19, in encode
       return codecs.charmap_encode(input,self.errors,encoding_table)[0]
              ~~~~~~~~~~~~~~~~~~~~~^^^^^^^^^^^^^^^^^^^^^^^^^^^^^^^^^^
   UnicodeEncodeError: 'charmap' codec can't encode character '\u2705' in position 0: character maps to <undefined>
[2025-10-06 11:06:44] ❌ Train falhou (exit=1).
[2025-10-06 11:07:14] 🚀 Iniciando ciclo ETL (Extract → Transform → Train → Predict)...
[2025-10-06 11:07:14] ➡️  Extract: C:\Users\web.atendimento\AppData\Local\Programs\Python\Python313\python.exe C:\Users\web.atendimento\crypto_tech\etl\extract.py
   [2025-10-06 11:07:14.740890] Iniciando extração única...
   [2025-10-06 11:07:15.031974] Dados salvos com sucesso.
[2025-10-06 11:07:15] ✅ Extract concluído com sucesso.
[2025-10-06 11:07:15] ➡️  Transform: C:\Users\web.atendimento\AppData\Local\Programs\Python\Python313\python.exe C:\Users\web.atendimento\crypto_tech\etl\transform.py
   [2025-10-06 11:07:15.778122] Features salvas com sucesso em: data/processed/crypto_features.parquet
   Total de registros: 3168
   Primeira data: 2025-10-01 00:11:50+00:00 | Última data: 2025-10-06 14:06:41+00:00
[2025-10-06 11:07:15] ✅ Transform concluído com sucesso.
[2025-10-06 11:07:15] 📦 Features atualizadas: 2025-10-06 11:07:15
[2025-10-06 11:07:15] ➡️  Train: C:\Users\web.atendimento\AppData\Local\Programs\Python\Python313\python.exe C:\Users\web.atendimento\crypto_tech\model\train.py
   
   [2025-10-06 11:07:17.427655] Iniciando treinamento...
   Total de registros no dataset: 3168
   Moedas disponíveis: ['btc', 'ada', 'eth', 'ltc', 'xrp', 'sol']
   
   [2025-10-06 11:07:17.651313] Modelo treinado para BTC
   Registros totais usados: 528
   Período: 2025-10-01 00:11:50+00:00 - 2025-10-06 14:06:41+00:00
   MAE: 5272.5803
   R² : -23.7936
   Traceback (most recent call last):
     File "C:\Users\web.atendimento\crypto_tech\model\train.py", line 73, in <module>
       run()
       ~~~^^
     File "C:\Users\web.atendimento\crypto_tech\model\train.py", line 70, in run
       train_for_symbol(df, symbol)
       ~~~~~~~~~~~~~~~~^^^^^^^^^^^^
     File "C:\Users\web.atendimento\crypto_tech\model\train.py", line 52, in train_for_symbol
       print(f"\u2705 Modelo salvo em {model_path}")
       ~~~~~^^^^^^^^^^^^^^^^^^^^^^^^^^^^^^^^^^^^
     File "C:\Users\web.atendimento\AppData\Local\Programs\Python\Python313\Lib\encodings\cp1252.py", line 19, in encode
       return codecs.charmap_encode(input,self.errors,encoding_table)[0]
              ~~~~~~~~~~~~~~~~~~~~~^^^^^^^^^^^^^^^^^^^^^^^^^^^^^^^^^^
   UnicodeEncodeError: 'charmap' codec can't encode character '\u2705' in position 0: character maps to <undefined>
[2025-10-06 11:07:17] ❌ Train falhou (exit=1).
[2025-10-06 11:07:47] 🚀 Iniciando ciclo ETL (Extract → Transform → Train → Predict)...
[2025-10-06 11:07:47] ➡️  Extract: C:\Users\web.atendimento\AppData\Local\Programs\Python\Python313\python.exe C:\Users\web.atendimento\crypto_tech\etl\extract.py
   [2025-10-06 11:07:48.110655] Iniciando extração única...
   [2025-10-06 11:07:48.581178] Dados salvos com sucesso.
[2025-10-06 11:07:48] ✅ Extract concluído com sucesso.
[2025-10-06 11:07:48] ➡️  Transform: C:\Users\web.atendimento\AppData\Local\Programs\Python\Python313\python.exe C:\Users\web.atendimento\crypto_tech\etl\transform.py
   [2025-10-06 11:07:49.223827] Features salvas com sucesso em: data/processed/crypto_features.parquet
   Total de registros: 3174
   Primeira data: 2025-10-01 00:11:50+00:00 | Última data: 2025-10-06 14:07:15+00:00
[2025-10-06 11:07:49] ✅ Transform concluído com sucesso.
[2025-10-06 11:07:49] 📦 Features atualizadas: 2025-10-06 11:07:49
[2025-10-06 11:07:49] ➡️  Train: C:\Users\web.atendimento\AppData\Local\Programs\Python\Python313\python.exe C:\Users\web.atendimento\crypto_tech\model\train.py
   
   [2025-10-06 11:07:50.795614] Iniciando treinamento...
   Total de registros no dataset: 3174
   Moedas disponíveis: ['btc', 'ada', 'eth', 'ltc', 'xrp', 'sol']
   
   [2025-10-06 11:07:51.014542] Modelo treinado para BTC
   Registros totais usados: 529
   Período: 2025-10-01 00:11:50+00:00 - 2025-10-06 14:07:15+00:00
   MAE: 5329.2803
   R² : -33.0371
   Traceback (most recent call last):
     File "C:\Users\web.atendimento\crypto_tech\model\train.py", line 73, in <module>
       run()
       ~~~^^
     File "C:\Users\web.atendimento\crypto_tech\model\train.py", line 70, in run
       train_for_symbol(df, symbol)
       ~~~~~~~~~~~~~~~~^^^^^^^^^^^^
     File "C:\Users\web.atendimento\crypto_tech\model\train.py", line 52, in train_for_symbol
       print(f"\u2705 Modelo salvo em {model_path}")
       ~~~~~^^^^^^^^^^^^^^^^^^^^^^^^^^^^^^^^^^^^
     File "C:\Users\web.atendimento\AppData\Local\Programs\Python\Python313\Lib\encodings\cp1252.py", line 19, in encode
       return codecs.charmap_encode(input,self.errors,encoding_table)[0]
              ~~~~~~~~~~~~~~~~~~~~~^^^^^^^^^^^^^^^^^^^^^^^^^^^^^^^^^^
   UnicodeEncodeError: 'charmap' codec can't encode character '\u2705' in position 0: character maps to <undefined>
[2025-10-06 11:07:51] ❌ Train falhou (exit=1).
[2025-10-06 11:08:21] 🚀 Iniciando ciclo ETL (Extract → Transform → Train → Predict)...
[2025-10-06 11:08:21] ➡️  Extract: C:\Users\web.atendimento\AppData\Local\Programs\Python\Python313\python.exe C:\Users\web.atendimento\crypto_tech\etl\extract.py
   [2025-10-06 11:08:21.472320] Iniciando extração única...
   [2025-10-06 11:08:21.768597] Dados salvos com sucesso.
[2025-10-06 11:08:21] ✅ Extract concluído com sucesso.
[2025-10-06 11:08:21] ➡️  Transform: C:\Users\web.atendimento\AppData\Local\Programs\Python\Python313\python.exe C:\Users\web.atendimento\crypto_tech\etl\transform.py
   [2025-10-06 11:08:22.426677] Features salvas com sucesso em: data/processed/crypto_features.parquet
   Total de registros: 3180
   Primeira data: 2025-10-01 00:11:50+00:00 | Última data: 2025-10-06 14:07:48+00:00
[2025-10-06 11:08:22] ✅ Transform concluído com sucesso.
[2025-10-06 11:08:22] 📦 Features atualizadas: 2025-10-06 11:08:22
[2025-10-06 11:08:22] ➡️  Train: C:\Users\web.atendimento\AppData\Local\Programs\Python\Python313\python.exe C:\Users\web.atendimento\crypto_tech\model\train.py
   
   [2025-10-06 11:08:23.993535] Iniciando treinamento...
   Total de registros no dataset: 3180
   Moedas disponíveis: ['btc', 'ada', 'eth', 'ltc', 'xrp', 'sol']
   
   [2025-10-06 11:08:24.219256] Modelo treinado para BTC
   Registros totais usados: 530
   Período: 2025-10-01 00:11:50+00:00 - 2025-10-06 14:07:48+00:00
   MAE: 5386.2675
   R² : -53.2679
   Traceback (most recent call last):
     File "C:\Users\web.atendimento\crypto_tech\model\train.py", line 73, in <module>
       run()
       ~~~^^
     File "C:\Users\web.atendimento\crypto_tech\model\train.py", line 70, in run
       train_for_symbol(df, symbol)
       ~~~~~~~~~~~~~~~~^^^^^^^^^^^^
     File "C:\Users\web.atendimento\crypto_tech\model\train.py", line 52, in train_for_symbol
       print(f"\u2705 Modelo salvo em {model_path}")
       ~~~~~^^^^^^^^^^^^^^^^^^^^^^^^^^^^^^^^^^^^
     File "C:\Users\web.atendimento\AppData\Local\Programs\Python\Python313\Lib\encodings\cp1252.py", line 19, in encode
       return codecs.charmap_encode(input,self.errors,encoding_table)[0]
              ~~~~~~~~~~~~~~~~~~~~~^^^^^^^^^^^^^^^^^^^^^^^^^^^^^^^^^^
   UnicodeEncodeError: 'charmap' codec can't encode character '\u2705' in position 0: character maps to <undefined>
[2025-10-06 11:08:24] ❌ Train falhou (exit=1).
[2025-10-06 11:08:54] 🚀 Iniciando ciclo ETL (Extract → Transform → Train → Predict)...
[2025-10-06 11:08:54] ➡️  Extract: C:\Users\web.atendimento\AppData\Local\Programs\Python\Python313\python.exe C:\Users\web.atendimento\crypto_tech\etl\extract.py
   [2025-10-06 11:08:54.700833] Iniciando extração única...
   [2025-10-06 11:08:55.152411] Dados salvos com sucesso.
[2025-10-06 11:08:55] ✅ Extract concluído com sucesso.
[2025-10-06 11:08:55] ➡️  Transform: C:\Users\web.atendimento\AppData\Local\Programs\Python\Python313\python.exe C:\Users\web.atendimento\crypto_tech\etl\transform.py
   [2025-10-06 11:08:55.857917] Features salvas com sucesso em: data/processed/crypto_features.parquet
   Total de registros: 3186
   Primeira data: 2025-10-01 00:11:50+00:00 | Última data: 2025-10-06 14:08:21+00:00
[2025-10-06 11:08:55] ✅ Transform concluído com sucesso.
[2025-10-06 11:08:55] 📦 Features atualizadas: 2025-10-06 11:08:55
[2025-10-06 11:08:55] ➡️  Train: C:\Users\web.atendimento\AppData\Local\Programs\Python\Python313\python.exe C:\Users\web.atendimento\crypto_tech\model\train.py
   
   [2025-10-06 11:08:57.490867] Iniciando treinamento...
   Total de registros no dataset: 3186
   Moedas disponíveis: ['btc', 'ada', 'eth', 'ltc', 'xrp', 'sol']
   
   [2025-10-06 11:08:57.716153] Modelo treinado para BTC
   Registros totais usados: 531
   Período: 2025-10-01 00:11:50+00:00 - 2025-10-06 14:08:21+00:00
   MAE: 5392.3059
   R² : -53.4987
   Traceback (most recent call last):
     File "C:\Users\web.atendimento\crypto_tech\model\train.py", line 73, in <module>
       run()
       ~~~^^
     File "C:\Users\web.atendimento\crypto_tech\model\train.py", line 70, in run
       train_for_symbol(df, symbol)
       ~~~~~~~~~~~~~~~~^^^^^^^^^^^^
     File "C:\Users\web.atendimento\crypto_tech\model\train.py", line 52, in train_for_symbol
       print(f"\u2705 Modelo salvo em {model_path}")
       ~~~~~^^^^^^^^^^^^^^^^^^^^^^^^^^^^^^^^^^^^
     File "C:\Users\web.atendimento\AppData\Local\Programs\Python\Python313\Lib\encodings\cp1252.py", line 19, in encode
       return codecs.charmap_encode(input,self.errors,encoding_table)[0]
              ~~~~~~~~~~~~~~~~~~~~~^^^^^^^^^^^^^^^^^^^^^^^^^^^^^^^^^^
   UnicodeEncodeError: 'charmap' codec can't encode character '\u2705' in position 0: character maps to <undefined>
[2025-10-06 11:08:57] ❌ Train falhou (exit=1).
[2025-10-06 11:09:27] 🚀 Iniciando ciclo ETL (Extract → Transform → Train → Predict)...
[2025-10-06 11:09:27] ➡️  Extract: C:\Users\web.atendimento\AppData\Local\Programs\Python\Python313\python.exe C:\Users\web.atendimento\crypto_tech\etl\extract.py
   [2025-10-06 11:09:28.182288] Iniciando extração única...
   [2025-10-06 11:09:28.472701] Dados salvos com sucesso.
[2025-10-06 11:09:28] ✅ Extract concluído com sucesso.
[2025-10-06 11:09:28] ➡️  Transform: C:\Users\web.atendimento\AppData\Local\Programs\Python\Python313\python.exe C:\Users\web.atendimento\crypto_tech\etl\transform.py
   [2025-10-06 11:09:29.109069] Features salvas com sucesso em: data/processed/crypto_features.parquet
   Total de registros: 3192
   Primeira data: 2025-10-01 00:11:50+00:00 | Última data: 2025-10-06 14:08:55+00:00
[2025-10-06 11:09:29] ✅ Transform concluído com sucesso.
[2025-10-06 11:09:29] 📦 Features atualizadas: 2025-10-06 11:09:29
[2025-10-06 11:09:29] ➡️  Train: C:\Users\web.atendimento\AppData\Local\Programs\Python\Python313\python.exe C:\Users\web.atendimento\crypto_tech\model\train.py
   
   [2025-10-06 11:09:30.775918] Iniciando treinamento...
   Total de registros no dataset: 3192
   Moedas disponíveis: ['btc', 'ada', 'eth', 'ltc', 'xrp', 'sol']
   
   [2025-10-06 11:09:30.995560] Modelo treinado para BTC
   Registros totais usados: 532
   Período: 2025-10-01 00:11:50+00:00 - 2025-10-06 14:08:55+00:00
   MAE: 5447.9274
   R² : -133.5185
   Traceback (most recent call last):
     File "C:\Users\web.atendimento\crypto_tech\model\train.py", line 73, in <module>
       run()
       ~~~^^
     File "C:\Users\web.atendimento\crypto_tech\model\train.py", line 70, in run
       train_for_symbol(df, symbol)
       ~~~~~~~~~~~~~~~~^^^^^^^^^^^^
     File "C:\Users\web.atendimento\crypto_tech\model\train.py", line 52, in train_for_symbol
       print(f"\u2705 Modelo salvo em {model_path}")
       ~~~~~^^^^^^^^^^^^^^^^^^^^^^^^^^^^^^^^^^^^
     File "C:\Users\web.atendimento\AppData\Local\Programs\Python\Python313\Lib\encodings\cp1252.py", line 19, in encode
       return codecs.charmap_encode(input,self.errors,encoding_table)[0]
              ~~~~~~~~~~~~~~~~~~~~~^^^^^^^^^^^^^^^^^^^^^^^^^^^^^^^^^^
   UnicodeEncodeError: 'charmap' codec can't encode character '\u2705' in position 0: character maps to <undefined>
[2025-10-06 11:09:31] ❌ Train falhou (exit=1).
[2025-10-06 11:10:01] 🚀 Iniciando ciclo ETL (Extract → Transform → Train → Predict)...
[2025-10-06 11:10:01] ➡️  Extract: C:\Users\web.atendimento\AppData\Local\Programs\Python\Python313\python.exe C:\Users\web.atendimento\crypto_tech\etl\extract.py
   [2025-10-06 11:10:01.523089] Iniciando extração única...
   [2025-10-06 11:10:02.089194] Dados salvos com sucesso.
[2025-10-06 11:10:02] ✅ Extract concluído com sucesso.
[2025-10-06 11:10:02] ➡️  Transform: C:\Users\web.atendimento\AppData\Local\Programs\Python\Python313\python.exe C:\Users\web.atendimento\crypto_tech\etl\transform.py
   [2025-10-06 11:10:02.810469] Features salvas com sucesso em: data/processed/crypto_features.parquet
   Total de registros: 3198
   Primeira data: 2025-10-01 00:11:50+00:00 | Última data: 2025-10-06 14:09:28+00:00
[2025-10-06 11:10:02] ✅ Transform concluído com sucesso.
[2025-10-06 11:10:02] 📦 Features atualizadas: 2025-10-06 11:10:02
[2025-10-06 11:10:02] ➡️  Train: C:\Users\web.atendimento\AppData\Local\Programs\Python\Python313\python.exe C:\Users\web.atendimento\crypto_tech\model\train.py
   
   [2025-10-06 11:10:04.543676] Iniciando treinamento...
   Total de registros no dataset: 3198
   Moedas disponíveis: ['btc', 'ada', 'eth', 'ltc', 'xrp', 'sol']
   
   [2025-10-06 11:10:04.771071] Modelo treinado para BTC
   Registros totais usados: 533
   Período: 2025-10-01 00:11:50+00:00 - 2025-10-06 14:09:28+00:00
   MAE: 5470.6721
   R² : -171.9961
   Traceback (most recent call last):
     File "C:\Users\web.atendimento\crypto_tech\model\train.py", line 73, in <module>
       run()
       ~~~^^
     File "C:\Users\web.atendimento\crypto_tech\model\train.py", line 70, in run
       train_for_symbol(df, symbol)
       ~~~~~~~~~~~~~~~~^^^^^^^^^^^^
     File "C:\Users\web.atendimento\crypto_tech\model\train.py", line 52, in train_for_symbol
       print(f"\u2705 Modelo salvo em {model_path}")
       ~~~~~^^^^^^^^^^^^^^^^^^^^^^^^^^^^^^^^^^^^
     File "C:\Users\web.atendimento\AppData\Local\Programs\Python\Python313\Lib\encodings\cp1252.py", line 19, in encode
       return codecs.charmap_encode(input,self.errors,encoding_table)[0]
              ~~~~~~~~~~~~~~~~~~~~~^^^^^^^^^^^^^^^^^^^^^^^^^^^^^^^^^^
   UnicodeEncodeError: 'charmap' codec can't encode character '\u2705' in position 0: character maps to <undefined>
[2025-10-06 11:10:05] ❌ Train falhou (exit=1).
[2025-10-06 11:10:35] 🚀 Iniciando ciclo ETL (Extract → Transform → Train → Predict)...
[2025-10-06 11:10:35] ➡️  Extract: C:\Users\web.atendimento\AppData\Local\Programs\Python\Python313\python.exe C:\Users\web.atendimento\crypto_tech\etl\extract.py
   [2025-10-06 11:10:35.248556] Iniciando extração única...
   [2025-10-06 11:10:35.548561] Dados salvos com sucesso.
[2025-10-06 11:10:35] ✅ Extract concluído com sucesso.
[2025-10-06 11:10:35] ➡️  Transform: C:\Users\web.atendimento\AppData\Local\Programs\Python\Python313\python.exe C:\Users\web.atendimento\crypto_tech\etl\transform.py
   [2025-10-06 11:10:36.218573] Features salvas com sucesso em: data/processed/crypto_features.parquet
   Total de registros: 3204
   Primeira data: 2025-10-01 00:11:50+00:00 | Última data: 2025-10-06 14:10:02+00:00
[2025-10-06 11:10:36] ✅ Transform concluído com sucesso.
[2025-10-06 11:10:36] 📦 Features atualizadas: 2025-10-06 11:10:36
[2025-10-06 11:10:36] ➡️  Train: C:\Users\web.atendimento\AppData\Local\Programs\Python\Python313\python.exe C:\Users\web.atendimento\crypto_tech\model\train.py
   
   [2025-10-06 11:10:37.848996] Iniciando treinamento...
   Total de registros no dataset: 3204
   Moedas disponíveis: ['btc', 'ada', 'eth', 'ltc', 'xrp', 'sol']
   
   [2025-10-06 11:10:38.075750] Modelo treinado para BTC
   Registros totais usados: 534
   Período: 2025-10-01 00:11:50+00:00 - 2025-10-06 14:10:02+00:00
   MAE: 3910.6791
   R² : -123.0263
   Traceback (most recent call last):
     File "C:\Users\web.atendimento\crypto_tech\model\train.py", line 73, in <module>
       run()
       ~~~^^
     File "C:\Users\web.atendimento\crypto_tech\model\train.py", line 70, in run
       train_for_symbol(df, symbol)
       ~~~~~~~~~~~~~~~~^^^^^^^^^^^^
     File "C:\Users\web.atendimento\crypto_tech\model\train.py", line 52, in train_for_symbol
       print(f"\u2705 Modelo salvo em {model_path}")
       ~~~~~^^^^^^^^^^^^^^^^^^^^^^^^^^^^^^^^^^^^
     File "C:\Users\web.atendimento\AppData\Local\Programs\Python\Python313\Lib\encodings\cp1252.py", line 19, in encode
       return codecs.charmap_encode(input,self.errors,encoding_table)[0]
              ~~~~~~~~~~~~~~~~~~~~~^^^^^^^^^^^^^^^^^^^^^^^^^^^^^^^^^^
   UnicodeEncodeError: 'charmap' codec can't encode character '\u2705' in position 0: character maps to <undefined>
[2025-10-06 11:10:38] ❌ Train falhou (exit=1).
[2025-10-06 11:11:08] 🚀 Iniciando ciclo ETL (Extract → Transform → Train → Predict)...
[2025-10-06 11:11:08] ➡️  Extract: C:\Users\web.atendimento\AppData\Local\Programs\Python\Python313\python.exe C:\Users\web.atendimento\crypto_tech\etl\extract.py
   [2025-10-06 11:11:08.561797] Iniciando extração única...
   [2025-10-06 11:11:09.032160] Dados salvos com sucesso.
[2025-10-06 11:11:09] ✅ Extract concluído com sucesso.
[2025-10-06 11:11:09] ➡️  Transform: C:\Users\web.atendimento\AppData\Local\Programs\Python\Python313\python.exe C:\Users\web.atendimento\crypto_tech\etl\transform.py
   [2025-10-06 11:11:09.727208] Features salvas com sucesso em: data/processed/crypto_features.parquet
   Total de registros: 3210
   Primeira data: 2025-10-01 00:11:50+00:00 | Última data: 2025-10-06 14:10:35+00:00
[2025-10-06 11:11:09] ✅ Transform concluído com sucesso.
[2025-10-06 11:11:09] 📦 Features atualizadas: 2025-10-06 11:11:09
[2025-10-06 11:11:09] ➡️  Train: C:\Users\web.atendimento\AppData\Local\Programs\Python\Python313\python.exe C:\Users\web.atendimento\crypto_tech\model\train.py
   
   [2025-10-06 11:11:11.275183] Iniciando treinamento...
   Total de registros no dataset: 3210
   Moedas disponíveis: ['btc', 'ada', 'eth', 'ltc', 'xrp', 'sol']
   
   [2025-10-06 11:11:11.510454] Modelo treinado para BTC
   Registros totais usados: 535
   Período: 2025-10-01 00:11:50+00:00 - 2025-10-06 14:10:35+00:00
   MAE: 2936.5941
   R² : -118.4420
   Traceback (most recent call last):
     File "C:\Users\web.atendimento\crypto_tech\model\train.py", line 73, in <module>
       run()
       ~~~^^
     File "C:\Users\web.atendimento\crypto_tech\model\train.py", line 70, in run
       train_for_symbol(df, symbol)
       ~~~~~~~~~~~~~~~~^^^^^^^^^^^^
     File "C:\Users\web.atendimento\crypto_tech\model\train.py", line 52, in train_for_symbol
       print(f"\u2705 Modelo salvo em {model_path}")
       ~~~~~^^^^^^^^^^^^^^^^^^^^^^^^^^^^^^^^^^^^
     File "C:\Users\web.atendimento\AppData\Local\Programs\Python\Python313\Lib\encodings\cp1252.py", line 19, in encode
       return codecs.charmap_encode(input,self.errors,encoding_table)[0]
              ~~~~~~~~~~~~~~~~~~~~~^^^^^^^^^^^^^^^^^^^^^^^^^^^^^^^^^^
   UnicodeEncodeError: 'charmap' codec can't encode character '\u2705' in position 0: character maps to <undefined>
[2025-10-06 11:11:11] ❌ Train falhou (exit=1).
[2025-10-06 11:11:41] 🚀 Iniciando ciclo ETL (Extract → Transform → Train → Predict)...
[2025-10-06 11:11:41] ➡️  Extract: C:\Users\web.atendimento\AppData\Local\Programs\Python\Python313\python.exe C:\Users\web.atendimento\crypto_tech\etl\extract.py
   [2025-10-06 11:11:42.103488] Iniciando extração única...
   [2025-10-06 11:11:42.459313] Dados salvos com sucesso.
[2025-10-06 11:11:42] ✅ Extract concluído com sucesso.
[2025-10-06 11:11:42] ➡️  Transform: C:\Users\web.atendimento\AppData\Local\Programs\Python\Python313\python.exe C:\Users\web.atendimento\crypto_tech\etl\transform.py
   [2025-10-06 11:11:43.320876] Features salvas com sucesso em: data/processed/crypto_features.parquet
   Total de registros: 3216
   Primeira data: 2025-10-01 00:11:50+00:00 | Última data: 2025-10-06 14:11:09+00:00
[2025-10-06 11:11:43] ✅ Transform concluído com sucesso.
[2025-10-06 11:11:43] 📦 Features atualizadas: 2025-10-06 11:11:43
[2025-10-06 11:11:43] ➡️  Train: C:\Users\web.atendimento\AppData\Local\Programs\Python\Python313\python.exe C:\Users\web.atendimento\crypto_tech\model\train.py
   
   [2025-10-06 11:11:45.709190] Iniciando treinamento...
   Total de registros no dataset: 3216
   Moedas disponíveis: ['btc', 'ada', 'eth', 'ltc', 'xrp', 'sol']
   
   [2025-10-06 11:11:46.000169] Modelo treinado para BTC
   Registros totais usados: 536
   Período: 2025-10-01 00:11:50+00:00 - 2025-10-06 14:11:09+00:00
   MAE: 2941.6993
   R² : -115.5030
   Traceback (most recent call last):
     File "C:\Users\web.atendimento\crypto_tech\model\train.py", line 73, in <module>
       run()
       ~~~^^
     File "C:\Users\web.atendimento\crypto_tech\model\train.py", line 70, in run
       train_for_symbol(df, symbol)
       ~~~~~~~~~~~~~~~~^^^^^^^^^^^^
     File "C:\Users\web.atendimento\crypto_tech\model\train.py", line 52, in train_for_symbol
       print(f"\u2705 Modelo salvo em {model_path}")
       ~~~~~^^^^^^^^^^^^^^^^^^^^^^^^^^^^^^^^^^^^
     File "C:\Users\web.atendimento\AppData\Local\Programs\Python\Python313\Lib\encodings\cp1252.py", line 19, in encode
       return codecs.charmap_encode(input,self.errors,encoding_table)[0]
              ~~~~~~~~~~~~~~~~~~~~~^^^^^^^^^^^^^^^^^^^^^^^^^^^^^^^^^^
   UnicodeEncodeError: 'charmap' codec can't encode character '\u2705' in position 0: character maps to <undefined>
[2025-10-06 11:11:46] ❌ Train falhou (exit=1).
[2025-10-06 11:12:16] 🚀 Iniciando ciclo ETL (Extract → Transform → Train → Predict)...
[2025-10-06 11:12:16] ➡️  Extract: C:\Users\web.atendimento\AppData\Local\Programs\Python\Python313\python.exe C:\Users\web.atendimento\crypto_tech\etl\extract.py
   [2025-10-06 11:12:16.626076] Iniciando extração única...
   [2025-10-06 11:12:17.119116] Dados salvos com sucesso.
[2025-10-06 11:12:17] ✅ Extract concluído com sucesso.
[2025-10-06 11:12:17] ➡️  Transform: C:\Users\web.atendimento\AppData\Local\Programs\Python\Python313\python.exe C:\Users\web.atendimento\crypto_tech\etl\transform.py
   [2025-10-06 11:12:18.039008] Features salvas com sucesso em: data/processed/crypto_features.parquet
   Total de registros: 3222
   Primeira data: 2025-10-01 00:11:50+00:00 | Última data: 2025-10-06 14:11:42+00:00
[2025-10-06 11:12:18] ✅ Transform concluído com sucesso.
[2025-10-06 11:12:18] 📦 Features atualizadas: 2025-10-06 11:12:18
[2025-10-06 11:12:18] ➡️  Train: C:\Users\web.atendimento\AppData\Local\Programs\Python\Python313\python.exe C:\Users\web.atendimento\crypto_tech\model\train.py
   
   [2025-10-06 11:12:20.301850] Iniciando treinamento...
   Total de registros no dataset: 3222
   Moedas disponíveis: ['btc', 'ada', 'eth', 'ltc', 'xrp', 'sol']
   
   [2025-10-06 11:12:20.598209] Modelo treinado para BTC
   Registros totais usados: 537
   Período: 2025-10-01 00:11:50+00:00 - 2025-10-06 14:11:42+00:00
   MAE: 1885.0655
   R² : -47.2750
   Traceback (most recent call last):
     File "C:\Users\web.atendimento\crypto_tech\model\train.py", line 73, in <module>
       run()
       ~~~^^
     File "C:\Users\web.atendimento\crypto_tech\model\train.py", line 70, in run
       train_for_symbol(df, symbol)
       ~~~~~~~~~~~~~~~~^^^^^^^^^^^^
     File "C:\Users\web.atendimento\crypto_tech\model\train.py", line 52, in train_for_symbol
       print(f"\u2705 Modelo salvo em {model_path}")
       ~~~~~^^^^^^^^^^^^^^^^^^^^^^^^^^^^^^^^^^^^
     File "C:\Users\web.atendimento\AppData\Local\Programs\Python\Python313\Lib\encodings\cp1252.py", line 19, in encode
       return codecs.charmap_encode(input,self.errors,encoding_table)[0]
              ~~~~~~~~~~~~~~~~~~~~~^^^^^^^^^^^^^^^^^^^^^^^^^^^^^^^^^^
   UnicodeEncodeError: 'charmap' codec can't encode character '\u2705' in position 0: character maps to <undefined>
[2025-10-06 11:12:20] ❌ Train falhou (exit=1).
[2025-10-06 11:12:50] 🚀 Iniciando ciclo ETL (Extract → Transform → Train → Predict)...
[2025-10-06 11:12:50] ➡️  Extract: C:\Users\web.atendimento\AppData\Local\Programs\Python\Python313\python.exe C:\Users\web.atendimento\crypto_tech\etl\extract.py
   [2025-10-06 11:12:51.259580] Iniciando extração única...
   [2025-10-06 11:12:51.643120] Dados salvos com sucesso.
[2025-10-06 11:12:51] ✅ Extract concluído com sucesso.
[2025-10-06 11:12:51] ➡️  Transform: C:\Users\web.atendimento\AppData\Local\Programs\Python\Python313\python.exe C:\Users\web.atendimento\crypto_tech\etl\transform.py
   [2025-10-06 11:12:52.575957] Features salvas com sucesso em: data/processed/crypto_features.parquet
   Total de registros: 3228
   Primeira data: 2025-10-01 00:11:50+00:00 | Última data: 2025-10-06 14:12:17+00:00
[2025-10-06 11:12:52] ✅ Transform concluído com sucesso.
[2025-10-06 11:12:52] 📦 Features atualizadas: 2025-10-06 11:12:52
[2025-10-06 11:12:52] ➡️  Train: C:\Users\web.atendimento\AppData\Local\Programs\Python\Python313\python.exe C:\Users\web.atendimento\crypto_tech\model\train.py
   
   [2025-10-06 11:12:55.219494] Iniciando treinamento...
   Total de registros no dataset: 3228
   Moedas disponíveis: ['btc', 'ada', 'eth', 'ltc', 'xrp', 'sol']
   
   [2025-10-06 11:12:55.618993] Modelo treinado para BTC
   Registros totais usados: 538
   Período: 2025-10-01 00:11:50+00:00 - 2025-10-06 14:12:17+00:00
   MAE: 1052.0935
   R² : -14.6632
   Traceback (most recent call last):
     File "C:\Users\web.atendimento\crypto_tech\model\train.py", line 73, in <module>
       run()
       ~~~^^
     File "C:\Users\web.atendimento\crypto_tech\model\train.py", line 70, in run
       train_for_symbol(df, symbol)
       ~~~~~~~~~~~~~~~~^^^^^^^^^^^^
     File "C:\Users\web.atendimento\crypto_tech\model\train.py", line 52, in train_for_symbol
       print(f"\u2705 Modelo salvo em {model_path}")
       ~~~~~^^^^^^^^^^^^^^^^^^^^^^^^^^^^^^^^^^^^
     File "C:\Users\web.atendimento\AppData\Local\Programs\Python\Python313\Lib\encodings\cp1252.py", line 19, in encode
       return codecs.charmap_encode(input,self.errors,encoding_table)[0]
              ~~~~~~~~~~~~~~~~~~~~~^^^^^^^^^^^^^^^^^^^^^^^^^^^^^^^^^^
   UnicodeEncodeError: 'charmap' codec can't encode character '\u2705' in position 0: character maps to <undefined>
[2025-10-06 11:12:55] ❌ Train falhou (exit=1).
[2025-10-06 11:13:25] 🚀 Iniciando ciclo ETL (Extract → Transform → Train → Predict)...
[2025-10-06 11:13:25] ➡️  Extract: C:\Users\web.atendimento\AppData\Local\Programs\Python\Python313\python.exe C:\Users\web.atendimento\crypto_tech\etl\extract.py
   [2025-10-06 11:13:26.164322] Iniciando extração única...
   [2025-10-06 11:13:26.657683] Dados salvos com sucesso.
[2025-10-06 11:13:26] ✅ Extract concluído com sucesso.
[2025-10-06 11:13:26] ➡️  Transform: C:\Users\web.atendimento\AppData\Local\Programs\Python\Python313\python.exe C:\Users\web.atendimento\crypto_tech\etl\transform.py
   [2025-10-06 11:13:27.330896] Features salvas com sucesso em: data/processed/crypto_features.parquet
   Total de registros: 3234
   Primeira data: 2025-10-01 00:11:50+00:00 | Última data: 2025-10-06 14:12:51+00:00
[2025-10-06 11:13:27] ✅ Transform concluído com sucesso.
[2025-10-06 11:13:27] 📦 Features atualizadas: 2025-10-06 11:13:27
[2025-10-06 11:13:27] ➡️  Train: C:\Users\web.atendimento\AppData\Local\Programs\Python\Python313\python.exe C:\Users\web.atendimento\crypto_tech\model\train.py
   
   [2025-10-06 11:13:29.094075] Iniciando treinamento...
   Total de registros no dataset: 3234
   Moedas disponíveis: ['btc', 'ada', 'eth', 'ltc', 'xrp', 'sol']
   
   [2025-10-06 11:13:29.346289] Modelo treinado para BTC
   Registros totais usados: 539
   Período: 2025-10-01 00:11:50+00:00 - 2025-10-06 14:12:51+00:00
   MAE: 775.3654
   R² : -8.0540
   Traceback (most recent call last):
     File "C:\Users\web.atendimento\crypto_tech\model\train.py", line 73, in <module>
       run()
       ~~~^^
     File "C:\Users\web.atendimento\crypto_tech\model\train.py", line 70, in run
       train_for_symbol(df, symbol)
       ~~~~~~~~~~~~~~~~^^^^^^^^^^^^
     File "C:\Users\web.atendimento\crypto_tech\model\train.py", line 52, in train_for_symbol
       print(f"\u2705 Modelo salvo em {model_path}")
       ~~~~~^^^^^^^^^^^^^^^^^^^^^^^^^^^^^^^^^^^^
     File "C:\Users\web.atendimento\AppData\Local\Programs\Python\Python313\Lib\encodings\cp1252.py", line 19, in encode
       return codecs.charmap_encode(input,self.errors,encoding_table)[0]
              ~~~~~~~~~~~~~~~~~~~~~^^^^^^^^^^^^^^^^^^^^^^^^^^^^^^^^^^
   UnicodeEncodeError: 'charmap' codec can't encode character '\u2705' in position 0: character maps to <undefined>
[2025-10-06 11:13:29] ❌ Train falhou (exit=1).
[2025-10-06 11:13:59] 🚀 Iniciando ciclo ETL (Extract → Transform → Train → Predict)...
[2025-10-06 11:13:59] ➡️  Extract: C:\Users\web.atendimento\AppData\Local\Programs\Python\Python313\python.exe C:\Users\web.atendimento\crypto_tech\etl\extract.py
   [2025-10-06 11:13:59.843800] Iniciando extração única...
   [2025-10-06 11:14:00.151549] Dados salvos com sucesso.
[2025-10-06 11:14:00] ✅ Extract concluído com sucesso.
[2025-10-06 11:14:00] ➡️  Transform: C:\Users\web.atendimento\AppData\Local\Programs\Python\Python313\python.exe C:\Users\web.atendimento\crypto_tech\etl\transform.py
   [2025-10-06 11:14:00.851542] Features salvas com sucesso em: data/processed/crypto_features.parquet
   Total de registros: 3240
   Primeira data: 2025-10-01 00:11:50+00:00 | Última data: 2025-10-06 14:13:26+00:00
[2025-10-06 11:14:00] ✅ Transform concluído com sucesso.
[2025-10-06 11:14:00] 📦 Features atualizadas: 2025-10-06 11:14:00
[2025-10-06 11:14:00] ➡️  Train: C:\Users\web.atendimento\AppData\Local\Programs\Python\Python313\python.exe C:\Users\web.atendimento\crypto_tech\model\train.py
   
   [2025-10-06 11:14:02.574662] Iniciando treinamento...
   Total de registros no dataset: 3240
   Moedas disponíveis: ['btc', 'ada', 'eth', 'ltc', 'xrp', 'sol']
   
   [2025-10-06 11:14:02.827283] Modelo treinado para BTC
   Registros totais usados: 540
   Período: 2025-10-01 00:11:50+00:00 - 2025-10-06 14:13:26+00:00
   MAE: 679.5826
   R² : -6.2766
   Traceback (most recent call last):
     File "C:\Users\web.atendimento\crypto_tech\model\train.py", line 73, in <module>
       run()
       ~~~^^
     File "C:\Users\web.atendimento\crypto_tech\model\train.py", line 70, in run
       train_for_symbol(df, symbol)
       ~~~~~~~~~~~~~~~~^^^^^^^^^^^^
     File "C:\Users\web.atendimento\crypto_tech\model\train.py", line 52, in train_for_symbol
       print(f"\u2705 Modelo salvo em {model_path}")
       ~~~~~^^^^^^^^^^^^^^^^^^^^^^^^^^^^^^^^^^^^
     File "C:\Users\web.atendimento\AppData\Local\Programs\Python\Python313\Lib\encodings\cp1252.py", line 19, in encode
       return codecs.charmap_encode(input,self.errors,encoding_table)[0]
              ~~~~~~~~~~~~~~~~~~~~~^^^^^^^^^^^^^^^^^^^^^^^^^^^^^^^^^^
   UnicodeEncodeError: 'charmap' codec can't encode character '\u2705' in position 0: character maps to <undefined>
[2025-10-06 11:14:03] ❌ Train falhou (exit=1).
[2025-10-06 11:14:33] 🚀 Iniciando ciclo ETL (Extract → Transform → Train → Predict)...
[2025-10-06 11:14:33] ➡️  Extract: C:\Users\web.atendimento\AppData\Local\Programs\Python\Python313\python.exe C:\Users\web.atendimento\crypto_tech\etl\extract.py
   [2025-10-06 11:14:33.321058] Iniciando extração única...
   [2025-10-06 11:14:33.786818] Dados salvos com sucesso.
[2025-10-06 11:14:33] ✅ Extract concluído com sucesso.
[2025-10-06 11:14:33] ➡️  Transform: C:\Users\web.atendimento\AppData\Local\Programs\Python\Python313\python.exe C:\Users\web.atendimento\crypto_tech\etl\transform.py
   [2025-10-06 11:14:34.494386] Features salvas com sucesso em: data/processed/crypto_features.parquet
   Total de registros: 3246
   Primeira data: 2025-10-01 00:11:50+00:00 | Última data: 2025-10-06 14:14:00+00:00
[2025-10-06 11:14:34] ✅ Transform concluído com sucesso.
[2025-10-06 11:14:34] 📦 Features atualizadas: 2025-10-06 11:14:34
[2025-10-06 11:14:34] ➡️  Train: C:\Users\web.atendimento\AppData\Local\Programs\Python\Python313\python.exe C:\Users\web.atendimento\crypto_tech\model\train.py
   
   [2025-10-06 11:14:36.197601] Iniciando treinamento...
   Total de registros no dataset: 3246
   Moedas disponíveis: ['btc', 'ada', 'eth', 'ltc', 'xrp', 'sol']
   
   [2025-10-06 11:14:36.418214] Modelo treinado para BTC
   Registros totais usados: 541
   Período: 2025-10-01 00:11:50+00:00 - 2025-10-06 14:14:00+00:00
   MAE: 683.2960
   R² : -6.2848
   Traceback (most recent call last):
     File "C:\Users\web.atendimento\crypto_tech\model\train.py", line 73, in <module>
       run()
       ~~~^^
     File "C:\Users\web.atendimento\crypto_tech\model\train.py", line 70, in run
       train_for_symbol(df, symbol)
       ~~~~~~~~~~~~~~~~^^^^^^^^^^^^
     File "C:\Users\web.atendimento\crypto_tech\model\train.py", line 52, in train_for_symbol
       print(f"\u2705 Modelo salvo em {model_path}")
       ~~~~~^^^^^^^^^^^^^^^^^^^^^^^^^^^^^^^^^^^^
     File "C:\Users\web.atendimento\AppData\Local\Programs\Python\Python313\Lib\encodings\cp1252.py", line 19, in encode
       return codecs.charmap_encode(input,self.errors,encoding_table)[0]
              ~~~~~~~~~~~~~~~~~~~~~^^^^^^^^^^^^^^^^^^^^^^^^^^^^^^^^^^
   UnicodeEncodeError: 'charmap' codec can't encode character '\u2705' in position 0: character maps to <undefined>
[2025-10-06 11:14:36] ❌ Train falhou (exit=1).
[2025-10-06 11:15:06] 🚀 Iniciando ciclo ETL (Extract → Transform → Train → Predict)...
[2025-10-06 11:15:06] ➡️  Extract: C:\Users\web.atendimento\AppData\Local\Programs\Python\Python313\python.exe C:\Users\web.atendimento\crypto_tech\etl\extract.py
   [2025-10-06 11:15:06.900098] Iniciando extração única...
   [2025-10-06 11:15:07.186201] Dados salvos com sucesso.
[2025-10-06 11:15:07] ✅ Extract concluído com sucesso.
[2025-10-06 11:15:07] ➡️  Transform: C:\Users\web.atendimento\AppData\Local\Programs\Python\Python313\python.exe C:\Users\web.atendimento\crypto_tech\etl\transform.py
   [2025-10-06 11:15:07.815453] Features salvas com sucesso em: data/processed/crypto_features.parquet
   Total de registros: 3252
   Primeira data: 2025-10-01 00:11:50+00:00 | Última data: 2025-10-06 14:14:33+00:00
[2025-10-06 11:15:07] ✅ Transform concluído com sucesso.
[2025-10-06 11:15:07] 📦 Features atualizadas: 2025-10-06 11:15:07
[2025-10-06 11:15:07] ➡️  Train: C:\Users\web.atendimento\AppData\Local\Programs\Python\Python313\python.exe C:\Users\web.atendimento\crypto_tech\model\train.py
   
   [2025-10-06 11:15:09.497092] Iniciando treinamento...
   Total de registros no dataset: 3252
   Moedas disponíveis: ['btc', 'ada', 'eth', 'ltc', 'xrp', 'sol']
   
   [2025-10-06 11:15:09.724067] Modelo treinado para BTC
   Registros totais usados: 542
   Período: 2025-10-01 00:11:50+00:00 - 2025-10-06 14:14:33+00:00
   MAE: 624.7978
   R² : -5.3529
   Traceback (most recent call last):
     File "C:\Users\web.atendimento\crypto_tech\model\train.py", line 73, in <module>
       run()
       ~~~^^
     File "C:\Users\web.atendimento\crypto_tech\model\train.py", line 70, in run
       train_for_symbol(df, symbol)
       ~~~~~~~~~~~~~~~~^^^^^^^^^^^^
     File "C:\Users\web.atendimento\crypto_tech\model\train.py", line 52, in train_for_symbol
       print(f"\u2705 Modelo salvo em {model_path}")
       ~~~~~^^^^^^^^^^^^^^^^^^^^^^^^^^^^^^^^^^^^
     File "C:\Users\web.atendimento\AppData\Local\Programs\Python\Python313\Lib\encodings\cp1252.py", line 19, in encode
       return codecs.charmap_encode(input,self.errors,encoding_table)[0]
              ~~~~~~~~~~~~~~~~~~~~~^^^^^^^^^^^^^^^^^^^^^^^^^^^^^^^^^^
   UnicodeEncodeError: 'charmap' codec can't encode character '\u2705' in position 0: character maps to <undefined>
[2025-10-06 11:15:09] ❌ Train falhou (exit=1).
[2025-10-06 11:15:39] 🚀 Iniciando ciclo ETL (Extract → Transform → Train → Predict)...
[2025-10-06 11:15:39] ➡️  Extract: C:\Users\web.atendimento\AppData\Local\Programs\Python\Python313\python.exe C:\Users\web.atendimento\crypto_tech\etl\extract.py
   [2025-10-06 11:15:40.204669] Iniciando extração única...
   [2025-10-06 11:15:40.693863] Dados salvos com sucesso.
[2025-10-06 11:15:40] ✅ Extract concluído com sucesso.
[2025-10-06 11:15:40] ➡️  Transform: C:\Users\web.atendimento\AppData\Local\Programs\Python\Python313\python.exe C:\Users\web.atendimento\crypto_tech\etl\transform.py
   [2025-10-06 11:15:41.391294] Features salvas com sucesso em: data/processed/crypto_features.parquet
   Total de registros: 3258
   Primeira data: 2025-10-01 00:11:50+00:00 | Última data: 2025-10-06 14:15:07+00:00
[2025-10-06 11:15:41] ✅ Transform concluído com sucesso.
[2025-10-06 11:15:41] 📦 Features atualizadas: 2025-10-06 11:15:41
[2025-10-06 11:15:41] ➡️  Train: C:\Users\web.atendimento\AppData\Local\Programs\Python\Python313\python.exe C:\Users\web.atendimento\crypto_tech\model\train.py
   
   [2025-10-06 11:15:43.258962] Iniciando treinamento...
   Total de registros no dataset: 3258
   Moedas disponíveis: ['btc', 'ada', 'eth', 'ltc', 'xrp', 'sol']
   
   [2025-10-06 11:15:43.491977] Modelo treinado para BTC
   Registros totais usados: 543
   Período: 2025-10-01 00:11:50+00:00 - 2025-10-06 14:15:07+00:00
   MAE: 583.9137
   R² : -4.8153
   Traceback (most recent call last):
     File "C:\Users\web.atendimento\crypto_tech\model\train.py", line 73, in <module>
       run()
       ~~~^^
     File "C:\Users\web.atendimento\crypto_tech\model\train.py", line 70, in run
       train_for_symbol(df, symbol)
       ~~~~~~~~~~~~~~~~^^^^^^^^^^^^
     File "C:\Users\web.atendimento\crypto_tech\model\train.py", line 52, in train_for_symbol
       print(f"\u2705 Modelo salvo em {model_path}")
       ~~~~~^^^^^^^^^^^^^^^^^^^^^^^^^^^^^^^^^^^^
     File "C:\Users\web.atendimento\AppData\Local\Programs\Python\Python313\Lib\encodings\cp1252.py", line 19, in encode
       return codecs.charmap_encode(input,self.errors,encoding_table)[0]
              ~~~~~~~~~~~~~~~~~~~~~^^^^^^^^^^^^^^^^^^^^^^^^^^^^^^^^^^
   UnicodeEncodeError: 'charmap' codec can't encode character '\u2705' in position 0: character maps to <undefined>
[2025-10-06 11:15:43] ❌ Train falhou (exit=1).
[2025-10-06 11:16:13] 🚀 Iniciando ciclo ETL (Extract → Transform → Train → Predict)...
[2025-10-06 11:16:13] ➡️  Extract: C:\Users\web.atendimento\AppData\Local\Programs\Python\Python313\python.exe C:\Users\web.atendimento\crypto_tech\etl\extract.py
   [2025-10-06 11:16:14.012599] Iniciando extração única...
   [2025-10-06 11:16:14.329792] Dados salvos com sucesso.
[2025-10-06 11:16:14] ✅ Extract concluído com sucesso.
[2025-10-06 11:16:14] ➡️  Transform: C:\Users\web.atendimento\AppData\Local\Programs\Python\Python313\python.exe C:\Users\web.atendimento\crypto_tech\etl\transform.py
   [2025-10-06 11:16:15.049750] Features salvas com sucesso em: data/processed/crypto_features.parquet
   Total de registros: 3264
   Primeira data: 2025-10-01 00:11:50+00:00 | Última data: 2025-10-06 14:15:40+00:00
[2025-10-06 11:16:15] ✅ Transform concluído com sucesso.
[2025-10-06 11:16:15] 📦 Features atualizadas: 2025-10-06 11:16:15
[2025-10-06 11:16:15] ➡️  Train: C:\Users\web.atendimento\AppData\Local\Programs\Python\Python313\python.exe C:\Users\web.atendimento\crypto_tech\model\train.py
   
   [2025-10-06 11:16:16.791531] Iniciando treinamento...
   Total de registros no dataset: 3264
   Moedas disponíveis: ['btc', 'ada', 'eth', 'ltc', 'xrp', 'sol']
   
   [2025-10-06 11:16:17.023975] Modelo treinado para BTC
   Registros totais usados: 544
   Período: 2025-10-01 00:11:50+00:00 - 2025-10-06 14:15:40+00:00
   MAE: 586.7871
   R² : -5.0150
   Traceback (most recent call last):
     File "C:\Users\web.atendimento\crypto_tech\model\train.py", line 73, in <module>
       run()
       ~~~^^
     File "C:\Users\web.atendimento\crypto_tech\model\train.py", line 70, in run
       train_for_symbol(df, symbol)
       ~~~~~~~~~~~~~~~~^^^^^^^^^^^^
     File "C:\Users\web.atendimento\crypto_tech\model\train.py", line 52, in train_for_symbol
       print(f"\u2705 Modelo salvo em {model_path}")
       ~~~~~^^^^^^^^^^^^^^^^^^^^^^^^^^^^^^^^^^^^
     File "C:\Users\web.atendimento\AppData\Local\Programs\Python\Python313\Lib\encodings\cp1252.py", line 19, in encode
       return codecs.charmap_encode(input,self.errors,encoding_table)[0]
              ~~~~~~~~~~~~~~~~~~~~~^^^^^^^^^^^^^^^^^^^^^^^^^^^^^^^^^^
   UnicodeEncodeError: 'charmap' codec can't encode character '\u2705' in position 0: character maps to <undefined>
[2025-10-06 11:16:17] ❌ Train falhou (exit=1).
[2025-10-06 11:16:47] 🚀 Iniciando ciclo ETL (Extract → Transform → Train → Predict)...
[2025-10-06 11:16:47] ➡️  Extract: C:\Users\web.atendimento\AppData\Local\Programs\Python\Python313\python.exe C:\Users\web.atendimento\crypto_tech\etl\extract.py
   [2025-10-06 11:16:47.535607] Iniciando extração única...
   [2025-10-06 11:16:48.023206] Dados salvos com sucesso.
[2025-10-06 11:16:48] ✅ Extract concluído com sucesso.
[2025-10-06 11:16:48] ➡️  Transform: C:\Users\web.atendimento\AppData\Local\Programs\Python\Python313\python.exe C:\Users\web.atendimento\crypto_tech\etl\transform.py
   [2025-10-06 11:16:48.774941] Features salvas com sucesso em: data/processed/crypto_features.parquet
   Total de registros: 3270
   Primeira data: 2025-10-01 00:11:50+00:00 | Última data: 2025-10-06 14:16:14+00:00
[2025-10-06 11:16:48] ✅ Transform concluído com sucesso.
[2025-10-06 11:16:48] 📦 Features atualizadas: 2025-10-06 11:16:48
[2025-10-06 11:16:48] ➡️  Train: C:\Users\web.atendimento\AppData\Local\Programs\Python\Python313\python.exe C:\Users\web.atendimento\crypto_tech\model\train.py
   
   [2025-10-06 11:16:50.511189] Iniciando treinamento...
   Total de registros no dataset: 3270
   Moedas disponíveis: ['btc', 'ada', 'eth', 'ltc', 'xrp', 'sol']
   
   [2025-10-06 11:16:50.754274] Modelo treinado para BTC
   Registros totais usados: 545
   Período: 2025-10-01 00:11:50+00:00 - 2025-10-06 14:16:14+00:00
   MAE: 577.1751
   R² : -4.9925
   Traceback (most recent call last):
     File "C:\Users\web.atendimento\crypto_tech\model\train.py", line 73, in <module>
       run()
       ~~~^^
     File "C:\Users\web.atendimento\crypto_tech\model\train.py", line 70, in run
       train_for_symbol(df, symbol)
       ~~~~~~~~~~~~~~~~^^^^^^^^^^^^
     File "C:\Users\web.atendimento\crypto_tech\model\train.py", line 52, in train_for_symbol
       print(f"\u2705 Modelo salvo em {model_path}")
       ~~~~~^^^^^^^^^^^^^^^^^^^^^^^^^^^^^^^^^^^^
     File "C:\Users\web.atendimento\AppData\Local\Programs\Python\Python313\Lib\encodings\cp1252.py", line 19, in encode
       return codecs.charmap_encode(input,self.errors,encoding_table)[0]
              ~~~~~~~~~~~~~~~~~~~~~^^^^^^^^^^^^^^^^^^^^^^^^^^^^^^^^^^
   UnicodeEncodeError: 'charmap' codec can't encode character '\u2705' in position 0: character maps to <undefined>
[2025-10-06 11:16:50] ❌ Train falhou (exit=1).
[2025-10-06 11:17:20] 🚀 Iniciando ciclo ETL (Extract → Transform → Train → Predict)...
[2025-10-06 11:17:21] ➡️  Extract: C:\Users\web.atendimento\AppData\Local\Programs\Python\Python313\python.exe C:\Users\web.atendimento\crypto_tech\etl\extract.py
   [2025-10-06 11:17:21.234855] Iniciando extração única...
   [2025-10-06 11:17:21.550212] Dados salvos com sucesso.
[2025-10-06 11:17:21] ✅ Extract concluído com sucesso.
[2025-10-06 11:17:21] ➡️  Transform: C:\Users\web.atendimento\AppData\Local\Programs\Python\Python313\python.exe C:\Users\web.atendimento\crypto_tech\etl\transform.py
   [2025-10-06 11:17:22.235031] Features salvas com sucesso em: data/processed/crypto_features.parquet
   Total de registros: 3276
   Primeira data: 2025-10-01 00:11:50+00:00 | Última data: 2025-10-06 14:16:48+00:00
[2025-10-06 11:17:22] ✅ Transform concluído com sucesso.
[2025-10-06 11:17:22] 📦 Features atualizadas: 2025-10-06 11:17:22
[2025-10-06 11:17:22] ➡️  Train: C:\Users\web.atendimento\AppData\Local\Programs\Python\Python313\python.exe C:\Users\web.atendimento\crypto_tech\model\train.py
   
   [2025-10-06 11:17:23.973433] Iniciando treinamento...
   Total de registros no dataset: 3276
   Moedas disponíveis: ['btc', 'ada', 'eth', 'ltc', 'xrp', 'sol']
   
   [2025-10-06 11:17:24.218323] Modelo treinado para BTC
   Registros totais usados: 546
   Período: 2025-10-01 00:11:50+00:00 - 2025-10-06 14:16:48+00:00
   MAE: 579.9212
   R² : -5.0229
   Traceback (most recent call last):
     File "C:\Users\web.atendimento\crypto_tech\model\train.py", line 73, in <module>
       run()
       ~~~^^
     File "C:\Users\web.atendimento\crypto_tech\model\train.py", line 70, in run
       train_for_symbol(df, symbol)
       ~~~~~~~~~~~~~~~~^^^^^^^^^^^^
     File "C:\Users\web.atendimento\crypto_tech\model\train.py", line 52, in train_for_symbol
       print(f"\u2705 Modelo salvo em {model_path}")
       ~~~~~^^^^^^^^^^^^^^^^^^^^^^^^^^^^^^^^^^^^
     File "C:\Users\web.atendimento\AppData\Local\Programs\Python\Python313\Lib\encodings\cp1252.py", line 19, in encode
       return codecs.charmap_encode(input,self.errors,encoding_table)[0]
              ~~~~~~~~~~~~~~~~~~~~~^^^^^^^^^^^^^^^^^^^^^^^^^^^^^^^^^^
   UnicodeEncodeError: 'charmap' codec can't encode character '\u2705' in position 0: character maps to <undefined>
[2025-10-06 11:17:24] ❌ Train falhou (exit=1).
[2025-10-06 11:17:54] 🚀 Iniciando ciclo ETL (Extract → Transform → Train → Predict)...
[2025-10-06 11:17:54] ➡️  Extract: C:\Users\web.atendimento\AppData\Local\Programs\Python\Python313\python.exe C:\Users\web.atendimento\crypto_tech\etl\extract.py
   [2025-10-06 11:17:54.719259] Iniciando extração única...
   [2025-10-06 11:17:55.247167] Dados salvos com sucesso.
[2025-10-06 11:17:55] ✅ Extract concluído com sucesso.
[2025-10-06 11:17:55] ➡️  Transform: C:\Users\web.atendimento\AppData\Local\Programs\Python\Python313\python.exe C:\Users\web.atendimento\crypto_tech\etl\transform.py
   [2025-10-06 11:17:55.999132] Features salvas com sucesso em: data/processed/crypto_features.parquet
   Total de registros: 3282
   Primeira data: 2025-10-01 00:11:50+00:00 | Última data: 2025-10-06 14:17:21+00:00
[2025-10-06 11:17:56] ✅ Transform concluído com sucesso.
[2025-10-06 11:17:56] 📦 Features atualizadas: 2025-10-06 11:17:55
[2025-10-06 11:17:56] ➡️  Train: C:\Users\web.atendimento\AppData\Local\Programs\Python\Python313\python.exe C:\Users\web.atendimento\crypto_tech\model\train.py
   
   [2025-10-06 11:17:57.813314] Iniciando treinamento...
   Total de registros no dataset: 3282
   Moedas disponíveis: ['btc', 'ada', 'eth', 'ltc', 'xrp', 'sol']
   
   [2025-10-06 11:17:58.062068] Modelo treinado para BTC
   Registros totais usados: 547
   Período: 2025-10-01 00:11:50+00:00 - 2025-10-06 14:17:21+00:00
   MAE: 612.6240
   R² : -5.8791
   Traceback (most recent call last):
     File "C:\Users\web.atendimento\crypto_tech\model\train.py", line 73, in <module>
       run()
       ~~~^^
     File "C:\Users\web.atendimento\crypto_tech\model\train.py", line 70, in run
       train_for_symbol(df, symbol)
       ~~~~~~~~~~~~~~~~^^^^^^^^^^^^
     File "C:\Users\web.atendimento\crypto_tech\model\train.py", line 52, in train_for_symbol
       print(f"\u2705 Modelo salvo em {model_path}")
       ~~~~~^^^^^^^^^^^^^^^^^^^^^^^^^^^^^^^^^^^^
     File "C:\Users\web.atendimento\AppData\Local\Programs\Python\Python313\Lib\encodings\cp1252.py", line 19, in encode
       return codecs.charmap_encode(input,self.errors,encoding_table)[0]
              ~~~~~~~~~~~~~~~~~~~~~^^^^^^^^^^^^^^^^^^^^^^^^^^^^^^^^^^
   UnicodeEncodeError: 'charmap' codec can't encode character '\u2705' in position 0: character maps to <undefined>
[2025-10-06 11:17:58] ❌ Train falhou (exit=1).
[2025-10-06 11:18:28] 🚀 Iniciando ciclo ETL (Extract → Transform → Train → Predict)...
[2025-10-06 11:18:28] ➡️  Extract: C:\Users\web.atendimento\AppData\Local\Programs\Python\Python313\python.exe C:\Users\web.atendimento\crypto_tech\etl\extract.py
   [2025-10-06 11:18:28.551209] Iniciando extração única...
   [2025-10-06 11:18:28.871939] Dados salvos com sucesso.
[2025-10-06 11:18:28] ✅ Extract concluído com sucesso.
[2025-10-06 11:18:28] ➡️  Transform: C:\Users\web.atendimento\AppData\Local\Programs\Python\Python313\python.exe C:\Users\web.atendimento\crypto_tech\etl\transform.py
   [2025-10-06 11:18:29.570749] Features salvas com sucesso em: data/processed/crypto_features.parquet
   Total de registros: 3288
   Primeira data: 2025-10-01 00:11:50+00:00 | Última data: 2025-10-06 14:17:55+00:00
[2025-10-06 11:18:29] ✅ Transform concluído com sucesso.
[2025-10-06 11:18:29] 📦 Features atualizadas: 2025-10-06 11:18:29
[2025-10-06 11:18:29] ➡️  Train: C:\Users\web.atendimento\AppData\Local\Programs\Python\Python313\python.exe C:\Users\web.atendimento\crypto_tech\model\train.py
   
   [2025-10-06 11:18:31.230134] Iniciando treinamento...
   Total de registros no dataset: 3288
   Moedas disponíveis: ['btc', 'ada', 'eth', 'ltc', 'xrp', 'sol']
   
   [2025-10-06 11:18:31.478750] Modelo treinado para BTC
   Registros totais usados: 548
   Período: 2025-10-01 00:11:50+00:00 - 2025-10-06 14:17:55+00:00
   MAE: 622.5052
   R² : -6.2756
   Traceback (most recent call last):
     File "C:\Users\web.atendimento\crypto_tech\model\train.py", line 73, in <module>
       run()
       ~~~^^
     File "C:\Users\web.atendimento\crypto_tech\model\train.py", line 70, in run
       train_for_symbol(df, symbol)
       ~~~~~~~~~~~~~~~~^^^^^^^^^^^^
     File "C:\Users\web.atendimento\crypto_tech\model\train.py", line 52, in train_for_symbol
       print(f"\u2705 Modelo salvo em {model_path}")
       ~~~~~^^^^^^^^^^^^^^^^^^^^^^^^^^^^^^^^^^^^
     File "C:\Users\web.atendimento\AppData\Local\Programs\Python\Python313\Lib\encodings\cp1252.py", line 19, in encode
       return codecs.charmap_encode(input,self.errors,encoding_table)[0]
              ~~~~~~~~~~~~~~~~~~~~~^^^^^^^^^^^^^^^^^^^^^^^^^^^^^^^^^^
   UnicodeEncodeError: 'charmap' codec can't encode character '\u2705' in position 0: character maps to <undefined>
[2025-10-06 11:18:31] ❌ Train falhou (exit=1).
[2025-10-06 11:19:01] 🚀 Iniciando ciclo ETL (Extract → Transform → Train → Predict)...
[2025-10-06 11:19:01] ➡️  Extract: C:\Users\web.atendimento\AppData\Local\Programs\Python\Python313\python.exe C:\Users\web.atendimento\crypto_tech\etl\extract.py
   [2025-10-06 11:19:01.973607] Iniciando extração única...
   [2025-10-06 11:19:02.487643] Dados salvos com sucesso.
[2025-10-06 11:19:02] ✅ Extract concluído com sucesso.
[2025-10-06 11:19:02] ➡️  Transform: C:\Users\web.atendimento\AppData\Local\Programs\Python\Python313\python.exe C:\Users\web.atendimento\crypto_tech\etl\transform.py
   [2025-10-06 11:19:03.223904] Features salvas com sucesso em: data/processed/crypto_features.parquet
   Total de registros: 3294
   Primeira data: 2025-10-01 00:11:50+00:00 | Última data: 2025-10-06 14:18:28+00:00
[2025-10-06 11:19:03] ✅ Transform concluído com sucesso.
[2025-10-06 11:19:03] 📦 Features atualizadas: 2025-10-06 11:19:03
[2025-10-06 11:19:03] ➡️  Train: C:\Users\web.atendimento\AppData\Local\Programs\Python\Python313\python.exe C:\Users\web.atendimento\crypto_tech\model\train.py
   
   [2025-10-06 11:19:04.892646] Iniciando treinamento...
   Total de registros no dataset: 3294
   Moedas disponíveis: ['btc', 'ada', 'eth', 'ltc', 'xrp', 'sol']
   
   [2025-10-06 11:19:05.135409] Modelo treinado para BTC
   Registros totais usados: 549
   Período: 2025-10-01 00:11:50+00:00 - 2025-10-06 14:18:28+00:00
   MAE: 623.2805
   R² : -6.5651
   Traceback (most recent call last):
     File "C:\Users\web.atendimento\crypto_tech\model\train.py", line 73, in <module>
       run()
       ~~~^^
     File "C:\Users\web.atendimento\crypto_tech\model\train.py", line 70, in run
       train_for_symbol(df, symbol)
       ~~~~~~~~~~~~~~~~^^^^^^^^^^^^
     File "C:\Users\web.atendimento\crypto_tech\model\train.py", line 52, in train_for_symbol
       print(f"\u2705 Modelo salvo em {model_path}")
       ~~~~~^^^^^^^^^^^^^^^^^^^^^^^^^^^^^^^^^^^^
     File "C:\Users\web.atendimento\AppData\Local\Programs\Python\Python313\Lib\encodings\cp1252.py", line 19, in encode
       return codecs.charmap_encode(input,self.errors,encoding_table)[0]
              ~~~~~~~~~~~~~~~~~~~~~^^^^^^^^^^^^^^^^^^^^^^^^^^^^^^^^^^
   UnicodeEncodeError: 'charmap' codec can't encode character '\u2705' in position 0: character maps to <undefined>
[2025-10-06 11:19:05] ❌ Train falhou (exit=1).
[2025-10-06 11:19:35] 🚀 Iniciando ciclo ETL (Extract → Transform → Train → Predict)...
[2025-10-06 11:19:35] ➡️  Extract: C:\Users\web.atendimento\AppData\Local\Programs\Python\Python313\python.exe C:\Users\web.atendimento\crypto_tech\etl\extract.py
   [2025-10-06 11:19:35.688076] Iniciando extração única...
   [2025-10-06 11:19:35.999802] Dados salvos com sucesso.
[2025-10-06 11:19:36] ✅ Extract concluído com sucesso.
[2025-10-06 11:19:36] ➡️  Transform: C:\Users\web.atendimento\AppData\Local\Programs\Python\Python313\python.exe C:\Users\web.atendimento\crypto_tech\etl\transform.py
   [2025-10-06 11:19:36.712280] Features salvas com sucesso em: data/processed/crypto_features.parquet
   Total de registros: 3300
   Primeira data: 2025-10-01 00:11:50+00:00 | Última data: 2025-10-06 14:19:02+00:00
[2025-10-06 11:19:36] ✅ Transform concluído com sucesso.
[2025-10-06 11:19:36] 📦 Features atualizadas: 2025-10-06 11:19:36
[2025-10-06 11:19:36] ➡️  Train: C:\Users\web.atendimento\AppData\Local\Programs\Python\Python313\python.exe C:\Users\web.atendimento\crypto_tech\model\train.py
   
   [2025-10-06 11:19:38.427739] Iniciando treinamento...
   Total de registros no dataset: 3300
   Moedas disponíveis: ['btc', 'ada', 'eth', 'ltc', 'xrp', 'sol']
   
   [2025-10-06 11:19:38.660093] Modelo treinado para BTC
   Registros totais usados: 550
   Período: 2025-10-01 00:11:50+00:00 - 2025-10-06 14:19:02+00:00
   MAE: 603.2720
   R² : -6.4432
   Traceback (most recent call last):
     File "C:\Users\web.atendimento\crypto_tech\model\train.py", line 73, in <module>
       run()
       ~~~^^
     File "C:\Users\web.atendimento\crypto_tech\model\train.py", line 70, in run
       train_for_symbol(df, symbol)
       ~~~~~~~~~~~~~~~~^^^^^^^^^^^^
     File "C:\Users\web.atendimento\crypto_tech\model\train.py", line 52, in train_for_symbol
       print(f"\u2705 Modelo salvo em {model_path}")
       ~~~~~^^^^^^^^^^^^^^^^^^^^^^^^^^^^^^^^^^^^
     File "C:\Users\web.atendimento\AppData\Local\Programs\Python\Python313\Lib\encodings\cp1252.py", line 19, in encode
       return codecs.charmap_encode(input,self.errors,encoding_table)[0]
              ~~~~~~~~~~~~~~~~~~~~~^^^^^^^^^^^^^^^^^^^^^^^^^^^^^^^^^^
   UnicodeEncodeError: 'charmap' codec can't encode character '\u2705' in position 0: character maps to <undefined>
[2025-10-06 11:19:38] ❌ Train falhou (exit=1).
[2025-10-06 11:20:08] 🚀 Iniciando ciclo ETL (Extract → Transform → Train → Predict)...
[2025-10-06 11:20:08] ➡️  Extract: C:\Users\web.atendimento\AppData\Local\Programs\Python\Python313\python.exe C:\Users\web.atendimento\crypto_tech\etl\extract.py
   [2025-10-06 11:20:09.160425] Iniciando extração única...
   [2025-10-06 11:20:09.654999] Dados salvos com sucesso.
[2025-10-06 11:20:09] ✅ Extract concluído com sucesso.
[2025-10-06 11:20:09] ➡️  Transform: C:\Users\web.atendimento\AppData\Local\Programs\Python\Python313\python.exe C:\Users\web.atendimento\crypto_tech\etl\transform.py
   [2025-10-06 11:20:10.441185] Features salvas com sucesso em: data/processed/crypto_features.parquet
   Total de registros: 3306
   Primeira data: 2025-10-01 00:11:50+00:00 | Última data: 2025-10-06 14:19:35+00:00
[2025-10-06 11:20:10] ✅ Transform concluído com sucesso.
[2025-10-06 11:20:10] 📦 Features atualizadas: 2025-10-06 11:20:10
[2025-10-06 11:20:10] ➡️  Train: C:\Users\web.atendimento\AppData\Local\Programs\Python\Python313\python.exe C:\Users\web.atendimento\crypto_tech\model\train.py
   
   [2025-10-06 11:20:12.304940] Iniciando treinamento...
   Total de registros no dataset: 3306
   Moedas disponíveis: ['btc', 'ada', 'eth', 'ltc', 'xrp', 'sol']
   
   [2025-10-06 11:20:12.559405] Modelo treinado para BTC
   Registros totais usados: 551
   Período: 2025-10-01 00:11:50+00:00 - 2025-10-06 14:19:35+00:00
   MAE: 604.6479
   R² : -6.5080
   Traceback (most recent call last):
     File "C:\Users\web.atendimento\crypto_tech\model\train.py", line 73, in <module>
       run()
       ~~~^^
     File "C:\Users\web.atendimento\crypto_tech\model\train.py", line 70, in run
       train_for_symbol(df, symbol)
       ~~~~~~~~~~~~~~~~^^^^^^^^^^^^
     File "C:\Users\web.atendimento\crypto_tech\model\train.py", line 52, in train_for_symbol
       print(f"\u2705 Modelo salvo em {model_path}")
       ~~~~~^^^^^^^^^^^^^^^^^^^^^^^^^^^^^^^^^^^^
     File "C:\Users\web.atendimento\AppData\Local\Programs\Python\Python313\Lib\encodings\cp1252.py", line 19, in encode
       return codecs.charmap_encode(input,self.errors,encoding_table)[0]
              ~~~~~~~~~~~~~~~~~~~~~^^^^^^^^^^^^^^^^^^^^^^^^^^^^^^^^^^
   UnicodeEncodeError: 'charmap' codec can't encode character '\u2705' in position 0: character maps to <undefined>
[2025-10-06 11:20:12] ❌ Train falhou (exit=1).
[2025-10-06 11:20:42] 🚀 Iniciando ciclo ETL (Extract → Transform → Train → Predict)...
[2025-10-06 11:20:42] ➡️  Extract: C:\Users\web.atendimento\AppData\Local\Programs\Python\Python313\python.exe C:\Users\web.atendimento\crypto_tech\etl\extract.py
   [2025-10-06 11:20:43.091903] Iniciando extração única...
   [2025-10-06 11:20:43.434993] Dados salvos com sucesso.
[2025-10-06 11:20:43] ✅ Extract concluído com sucesso.
[2025-10-06 11:20:43] ➡️  Transform: C:\Users\web.atendimento\AppData\Local\Programs\Python\Python313\python.exe C:\Users\web.atendimento\crypto_tech\etl\transform.py
   [2025-10-06 11:20:44.198100] Features salvas com sucesso em: data/processed/crypto_features.parquet
   Total de registros: 3312
   Primeira data: 2025-10-01 00:11:50+00:00 | Última data: 2025-10-06 14:20:09+00:00
[2025-10-06 11:20:44] ✅ Transform concluído com sucesso.
[2025-10-06 11:20:44] 📦 Features atualizadas: 2025-10-06 11:20:44
[2025-10-06 11:20:44] ➡️  Train: C:\Users\web.atendimento\AppData\Local\Programs\Python\Python313\python.exe C:\Users\web.atendimento\crypto_tech\model\train.py
   
   [2025-10-06 11:20:46.019401] Iniciando treinamento...
   Total de registros no dataset: 3312
   Moedas disponíveis: ['btc', 'ada', 'eth', 'ltc', 'xrp', 'sol']
   
   [2025-10-06 11:20:46.261775] Modelo treinado para BTC
   Registros totais usados: 552
   Período: 2025-10-01 00:11:50+00:00 - 2025-10-06 14:20:09+00:00
   MAE: 596.1119
   R² : -6.6654
   Traceback (most recent call last):
     File "C:\Users\web.atendimento\crypto_tech\model\train.py", line 73, in <module>
       run()
       ~~~^^
     File "C:\Users\web.atendimento\crypto_tech\model\train.py", line 70, in run
       train_for_symbol(df, symbol)
       ~~~~~~~~~~~~~~~~^^^^^^^^^^^^
     File "C:\Users\web.atendimento\crypto_tech\model\train.py", line 52, in train_for_symbol
       print(f"\u2705 Modelo salvo em {model_path}")
       ~~~~~^^^^^^^^^^^^^^^^^^^^^^^^^^^^^^^^^^^^
     File "C:\Users\web.atendimento\AppData\Local\Programs\Python\Python313\Lib\encodings\cp1252.py", line 19, in encode
       return codecs.charmap_encode(input,self.errors,encoding_table)[0]
              ~~~~~~~~~~~~~~~~~~~~~^^^^^^^^^^^^^^^^^^^^^^^^^^^^^^^^^^
   UnicodeEncodeError: 'charmap' codec can't encode character '\u2705' in position 0: character maps to <undefined>
[2025-10-06 11:20:46] ❌ Train falhou (exit=1).
[2025-10-06 11:21:16] 🚀 Iniciando ciclo ETL (Extract → Transform → Train → Predict)...
[2025-10-06 11:21:16] ➡️  Extract: C:\Users\web.atendimento\AppData\Local\Programs\Python\Python313\python.exe C:\Users\web.atendimento\crypto_tech\etl\extract.py
   [2025-10-06 11:21:16.799144] Iniciando extração única...
   [2025-10-06 11:21:17.304615] Dados salvos com sucesso.
[2025-10-06 11:21:17] ✅ Extract concluído com sucesso.
[2025-10-06 11:21:17] ➡️  Transform: C:\Users\web.atendimento\AppData\Local\Programs\Python\Python313\python.exe C:\Users\web.atendimento\crypto_tech\etl\transform.py
   [2025-10-06 11:21:18.061288] Features salvas com sucesso em: data/processed/crypto_features.parquet
   Total de registros: 3318
   Primeira data: 2025-10-01 00:11:50+00:00 | Última data: 2025-10-06 14:20:43+00:00
[2025-10-06 11:21:18] ✅ Transform concluído com sucesso.
[2025-10-06 11:21:18] 📦 Features atualizadas: 2025-10-06 11:21:18
[2025-10-06 11:21:18] ➡️  Train: C:\Users\web.atendimento\AppData\Local\Programs\Python\Python313\python.exe C:\Users\web.atendimento\crypto_tech\model\train.py
   
   [2025-10-06 11:21:19.910748] Iniciando treinamento...
   Total de registros no dataset: 3318
   Moedas disponíveis: ['btc', 'ada', 'eth', 'ltc', 'xrp', 'sol']
   
   [2025-10-06 11:21:20.157015] Modelo treinado para BTC
   Registros totais usados: 553
   Período: 2025-10-01 00:11:50+00:00 - 2025-10-06 14:20:43+00:00
   MAE: 596.3129
   R² : -7.0599
   Traceback (most recent call last):
     File "C:\Users\web.atendimento\crypto_tech\model\train.py", line 73, in <module>
       run()
       ~~~^^
     File "C:\Users\web.atendimento\crypto_tech\model\train.py", line 70, in run
       train_for_symbol(df, symbol)
       ~~~~~~~~~~~~~~~~^^^^^^^^^^^^
     File "C:\Users\web.atendimento\crypto_tech\model\train.py", line 52, in train_for_symbol
       print(f"\u2705 Modelo salvo em {model_path}")
       ~~~~~^^^^^^^^^^^^^^^^^^^^^^^^^^^^^^^^^^^^
     File "C:\Users\web.atendimento\AppData\Local\Programs\Python\Python313\Lib\encodings\cp1252.py", line 19, in encode
       return codecs.charmap_encode(input,self.errors,encoding_table)[0]
              ~~~~~~~~~~~~~~~~~~~~~^^^^^^^^^^^^^^^^^^^^^^^^^^^^^^^^^^
   UnicodeEncodeError: 'charmap' codec can't encode character '\u2705' in position 0: character maps to <undefined>
[2025-10-06 11:21:20] ❌ Train falhou (exit=1).
[2025-10-06 11:21:50] 🚀 Iniciando ciclo ETL (Extract → Transform → Train → Predict)...
[2025-10-06 11:21:50] ➡️  Extract: C:\Users\web.atendimento\AppData\Local\Programs\Python\Python313\python.exe C:\Users\web.atendimento\crypto_tech\etl\extract.py
   [2025-10-06 11:21:50.723090] Iniciando extração única...
   [2025-10-06 11:21:51.056520] Dados salvos com sucesso.
[2025-10-06 11:21:51] ✅ Extract concluído com sucesso.
[2025-10-06 11:21:51] ➡️  Transform: C:\Users\web.atendimento\AppData\Local\Programs\Python\Python313\python.exe C:\Users\web.atendimento\crypto_tech\etl\transform.py
   [2025-10-06 11:21:51.959613] Features salvas com sucesso em: data/processed/crypto_features.parquet
   Total de registros: 3324
   Primeira data: 2025-10-01 00:11:50+00:00 | Última data: 2025-10-06 14:21:17+00:00
[2025-10-06 11:21:52] ✅ Transform concluído com sucesso.
[2025-10-06 11:21:52] 📦 Features atualizadas: 2025-10-06 11:21:51
[2025-10-06 11:21:52] ➡️  Train: C:\Users\web.atendimento\AppData\Local\Programs\Python\Python313\python.exe C:\Users\web.atendimento\crypto_tech\model\train.py
   
   [2025-10-06 11:21:54.998726] Iniciando treinamento...
   Total de registros no dataset: 3324
   Moedas disponíveis: ['btc', 'ada', 'eth', 'ltc', 'xrp', 'sol']
   
   [2025-10-06 11:21:55.285380] Modelo treinado para BTC
   Registros totais usados: 554
   Período: 2025-10-01 00:11:50+00:00 - 2025-10-06 14:21:17+00:00
   MAE: 525.9279
   R² : -5.7034
   Traceback (most recent call last):
     File "C:\Users\web.atendimento\crypto_tech\model\train.py", line 73, in <module>
       run()
       ~~~^^
     File "C:\Users\web.atendimento\crypto_tech\model\train.py", line 70, in run
       train_for_symbol(df, symbol)
       ~~~~~~~~~~~~~~~~^^^^^^^^^^^^
     File "C:\Users\web.atendimento\crypto_tech\model\train.py", line 52, in train_for_symbol
       print(f"\u2705 Modelo salvo em {model_path}")
       ~~~~~^^^^^^^^^^^^^^^^^^^^^^^^^^^^^^^^^^^^
     File "C:\Users\web.atendimento\AppData\Local\Programs\Python\Python313\Lib\encodings\cp1252.py", line 19, in encode
       return codecs.charmap_encode(input,self.errors,encoding_table)[0]
              ~~~~~~~~~~~~~~~~~~~~~^^^^^^^^^^^^^^^^^^^^^^^^^^^^^^^^^^
   UnicodeEncodeError: 'charmap' codec can't encode character '\u2705' in position 0: character maps to <undefined>
[2025-10-06 11:21:55] ❌ Train falhou (exit=1).


=== Início da execução: 2025-10-06 12:46:10 ===
[2025-10-06 12:46:10] 🧠 Orquestrador iniciado.
[2025-10-06 12:46:10] 🌐 Iniciando API (Uvicorn)...
[2025-10-06 12:46:10] 📊 Iniciando Dashboard (Streamlit)...
[2025-10-06 12:46:10] 🚀 Iniciando ciclo ETL (Extract → Transform → Train → Predict)...
[2025-10-06 12:46:10] ➡️  Extract: C:\Users\web.atendimento\AppData\Local\Programs\Python\Python313\python.exe C:\Users\web.atendimento\crypto_tech\etl\extract.py
   [2025-10-06 12:46:10.772008] Iniciando extração única...
   [2025-10-06 12:46:11.346631] Dados salvos com sucesso.
[2025-10-06 12:46:11] ✅ Extract concluído com sucesso.
[2025-10-06 12:46:11] ➡️  Transform: C:\Users\web.atendimento\AppData\Local\Programs\Python\Python313\python.exe C:\Users\web.atendimento\crypto_tech\etl\transform.py
   [2025-10-06 12:46:12.366747] Features salvas com sucesso em: data/processed/crypto_features.parquet
   Total de registros: 3330
   Primeira data: 2025-10-01 00:11:50+00:00 | Última data: 2025-10-06 14:21:51+00:00
[2025-10-06 12:46:12] ✅ Transform concluído com sucesso.
[2025-10-06 12:46:12] 📦 Features atualizadas: 2025-10-06 12:46:12
[2025-10-06 12:46:12] ➡️  Train: C:\Users\web.atendimento\AppData\Local\Programs\Python\Python313\python.exe C:\Users\web.atendimento\crypto_tech\model\train.py
   
   [2025-10-06 12:46:15.121838] Iniciando treinamento...
   Total de registros no dataset: 3330
   Moedas disponíveis: ['btc', 'ada', 'eth', 'ltc', 'xrp', 'sol']
   
   [2025-10-06 12:46:15.399549] Modelo treinado para BTC
   Registros totais usados: 555
   Período: 2025-10-01 00:11:50+00:00 - 2025-10-06 14:21:51+00:00
   MAE: 510.1355
   R² : -5.5443
   Traceback (most recent call last):
     File "C:\Users\web.atendimento\crypto_tech\model\train.py", line 73, in <module>
       run()
       ~~~^^
     File "C:\Users\web.atendimento\crypto_tech\model\train.py", line 70, in run
       train_for_symbol(df, symbol)
       ~~~~~~~~~~~~~~~~^^^^^^^^^^^^
     File "C:\Users\web.atendimento\crypto_tech\model\train.py", line 52, in train_for_symbol
       print(f"\u2705 Modelo salvo em {model_path}")
       ~~~~~^^^^^^^^^^^^^^^^^^^^^^^^^^^^^^^^^^^^
     File "C:\Users\web.atendimento\AppData\Local\Programs\Python\Python313\Lib\encodings\cp1252.py", line 19, in encode
       return codecs.charmap_encode(input,self.errors,encoding_table)[0]
              ~~~~~~~~~~~~~~~~~~~~~^^^^^^^^^^^^^^^^^^^^^^^^^^^^^^^^^^
   UnicodeEncodeError: 'charmap' codec can't encode character '\u2705' in position 0: character maps to <undefined>
[2025-10-06 12:46:15] ❌ Train falhou (exit=1).
[2025-10-06 12:46:18] 🌍 Abrindo navegador (Dashboard + API)...


=== Início da execução: 2025-10-06 12:48:45 ===
[2025-10-06 12:48:45] 🧠 Orquestrador iniciado.
[2025-10-06 12:48:45] 🌐 Iniciando API (Uvicorn)...
[2025-10-06 12:48:45] 📊 Iniciando Dashboard (Streamlit)...
[2025-10-06 12:48:45] 🚀 Iniciando ciclo ETL (Extract → Transform → Train → Predict)...
[2025-10-06 12:48:45] ➡️  Extract: C:\Users\web.atendimento\AppData\Local\Programs\Python\Python313\python.exe C:\Users\web.atendimento\crypto_tech\etl\extract.py
   [2025-10-06 12:48:46.066761] Iniciando extração única...
   [2025-10-06 12:48:46.606889] Dados salvos com sucesso.
[2025-10-06 12:48:46] ✅ Extract concluído com sucesso.
[2025-10-06 12:48:46] ➡️  Transform: C:\Users\web.atendimento\AppData\Local\Programs\Python\Python313\python.exe C:\Users\web.atendimento\crypto_tech\etl\transform.py
   [2025-10-06 12:48:47.395468] Features salvas com sucesso em: data/processed/crypto_features.parquet
   Total de registros: 3336
   Primeira data: 2025-10-01 00:11:50+00:00 | Última data: 2025-10-06 15:46:11+00:00
[2025-10-06 12:48:47] ✅ Transform concluído com sucesso.
[2025-10-06 12:48:47] 📦 Features atualizadas: 2025-10-06 12:48:47
[2025-10-06 12:48:47] ➡️  Train: C:\Users\web.atendimento\AppData\Local\Programs\Python\Python313\python.exe C:\Users\web.atendimento\crypto_tech\model\train.py
   
   [2025-10-06 12:48:49.541748] Iniciando treinamento...
   Total de registros no dataset: 3336
   Moedas disponíveis: ['btc', 'ada', 'eth', 'ltc', 'xrp', 'sol']
   
   [2025-10-06 12:48:49.802087] Modelo treinado para BTC
   Registros totais usados: 556
   Período: 2025-10-01 00:11:50+00:00 - 2025-10-06 15:46:11+00:00
   MAE: 511.9326
   R² : -5.5897
   Traceback (most recent call last):
     File "C:\Users\web.atendimento\crypto_tech\model\train.py", line 73, in <module>
       run()
       ~~~^^
     File "C:\Users\web.atendimento\crypto_tech\model\train.py", line 70, in run
       train_for_symbol(df, symbol)
       ~~~~~~~~~~~~~~~~^^^^^^^^^^^^
     File "C:\Users\web.atendimento\crypto_tech\model\train.py", line 52, in train_for_symbol
       print(f"\u2705 Modelo salvo em {model_path}")
       ~~~~~^^^^^^^^^^^^^^^^^^^^^^^^^^^^^^^^^^^^
     File "C:\Users\web.atendimento\AppData\Local\Programs\Python\Python313\Lib\encodings\cp1252.py", line 19, in encode
       return codecs.charmap_encode(input,self.errors,encoding_table)[0]
              ~~~~~~~~~~~~~~~~~~~~~^^^^^^^^^^^^^^^^^^^^^^^^^^^^^^^^^^
   UnicodeEncodeError: 'charmap' codec can't encode character '\u2705' in position 0: character maps to <undefined>
[2025-10-06 12:48:50] ❌ Train falhou (exit=1).
[2025-10-06 12:48:53] 🌍 Abrindo navegador (Dashboard + API)...


=== Início da execução: 2025-10-06 12:50:31 ===
[2025-10-06 12:50:31] 🧠 Orquestrador iniciado.
[2025-10-06 12:50:31] 🌐 Iniciando API (Uvicorn)...
[2025-10-06 12:50:31] 📊 Iniciando Dashboard (Streamlit)...
[2025-10-06 12:50:31] 🚀 Iniciando ciclo ETL (Extract → Transform → Train → Predict)...
[2025-10-06 12:50:31] ➡️  Extract: C:\Users\web.atendimento\AppData\Local\Programs\Python\Python313\python.exe C:\Users\web.atendimento\crypto_tech\etl\extract.py
   [2025-10-06 12:50:31.879751] Iniciando extração única...
   [2025-10-06 12:50:32.512965] Dados salvos com sucesso.
[2025-10-06 12:50:32] ✅ Extract concluído com sucesso.
[2025-10-06 12:50:32] ➡️  Transform: C:\Users\web.atendimento\AppData\Local\Programs\Python\Python313\python.exe C:\Users\web.atendimento\crypto_tech\etl\transform.py
   [2025-10-06 12:50:33.476275] Features salvas com sucesso em: data/processed/crypto_features.parquet
   Total de registros: 3342
   Primeira data: 2025-10-01 00:11:50+00:00 | Última data: 2025-10-06 15:48:46+00:00
[2025-10-06 12:50:33] ✅ Transform concluído com sucesso.
[2025-10-06 12:50:33] 📦 Features atualizadas: 2025-10-06 12:50:33
[2025-10-06 12:50:33] ➡️  Train: C:\Users\web.atendimento\AppData\Local\Programs\Python\Python313\python.exe C:\Users\web.atendimento\crypto_tech\model\train.py
   
   [2025-10-06 12:50:35.357967] Iniciando treinamento...
   Total de registros no dataset: 3342
   Moedas disponíveis: ['btc', 'ada', 'eth', 'ltc', 'xrp', 'sol']
   
   [2025-10-06 12:50:35.607896] Modelo treinado para BTC
   Registros totais usados: 557
   Período: 2025-10-01 00:11:50+00:00 - 2025-10-06 15:48:46+00:00
   MAE: 284.6556
   R2 : -1.5326
   Modelo salvo em models//btc_model.joblib
   
   [2025-10-06 12:50:35.906621] Modelo treinado para ADA
   Registros totais usados: 557
   Período: 2025-10-01 00:11:50+00:00 - 2025-10-06 15:48:46+00:00
   MAE: 0.0029
   R2 : 0.0033
   Modelo salvo em models//ada_model.joblib
   
   [2025-10-06 12:50:36.197649] Modelo treinado para ETH
   Registros totais usados: 557
   Período: 2025-10-01 00:11:50+00:00 - 2025-10-06 15:48:46+00:00
   MAE: 44.7012
   R2 : -3.3400
   Modelo salvo em models//eth_model.joblib
   
   [2025-10-06 12:50:36.472293] Modelo treinado para LTC
   Registros totais usados: 557
   Período: 2025-10-01 00:11:50+00:00 - 2025-10-06 15:48:46+00:00
   MAE: 0.0799
   R2 : 0.7271
   Modelo salvo em models//ltc_model.joblib
   
   [2025-10-06 12:50:36.717838] Modelo treinado para XRP
   Registros totais usados: 557
   Período: 2025-10-01 00:11:50+00:00 - 2025-10-06 15:48:46+00:00
   MAE: 0.0065
   R2 : -0.5205
   Modelo salvo em models//xrp_model.joblib
   
   [2025-10-06 12:50:36.989681] Modelo treinado para SOL
   Registros totais usados: 557
   Período: 2025-10-01 00:11:50+00:00 - 2025-10-06 15:48:46+00:00
   MAE: 0.6649
   R2 : -1.2368
   Modelo salvo em models//sol_model.joblib
[2025-10-06 12:50:37] ✅ Train concluído com sucesso.
[2025-10-06 12:50:37] ➡️  Predict: C:\Users\web.atendimento\AppData\Local\Programs\Python\Python313\python.exe C:\Users\web.atendimento\crypto_tech\model\predict.py
   Traceback (most recent call last):
     File "C:\Users\web.atendimento\crypto_tech\model\predict.py", line 91, in <module>
       run_all()
       ~~~~~~~^^
     File "C:\Users\web.atendimento\crypto_tech\model\predict.py", line 87, in run_all
       predict(symbol)
       ~~~~~~~^^^^^^^^
     File "C:\Users\web.atendimento\crypto_tech\model\predict.py", line 72, in predict
       print(f"[{datetime.now().strftime('%Y-%m-%d %H:%M:%S')}] \u2705 Previsão registrada para {symbol.upper()}:")
       ~~~~~^^^^^^^^^^^^^^^^^^^^^^^^^^^^^^^^^^^^^^^^^^^^^^^^^^^^^^^^^^^^^^^^^^^^^^^^^^^^^^^^^^^^^^^^^^^^^^^^^^^
     File "C:\Users\web.atendimento\AppData\Local\Programs\Python\Python313\Lib\encodings\cp1252.py", line 19, in encode
       return codecs.charmap_encode(input,self.errors,encoding_table)[0]
              ~~~~~~~~~~~~~~~~~~~~~^^^^^^^^^^^^^^^^^^^^^^^^^^^^^^^^^^
   UnicodeEncodeError: 'charmap' codec can't encode character '\u2705' in position 22: character maps to <undefined>
[2025-10-06 12:50:39] ❌ Predict falhou (exit=1).
[2025-10-06 12:50:39] 🌍 Abrindo navegador (Dashboard + API)...
[2025-10-06 12:51:09] 🚀 Iniciando ciclo ETL (Extract → Transform → Train → Predict)...
[2025-10-06 12:51:09] ➡️  Extract: C:\Users\web.atendimento\AppData\Local\Programs\Python\Python313\python.exe C:\Users\web.atendimento\crypto_tech\etl\extract.py
   [2025-10-06 12:51:09.459603] Iniciando extração única...
   [2025-10-06 12:51:09.756404] Dados salvos com sucesso.
[2025-10-06 12:51:09] ✅ Extract concluído com sucesso.
[2025-10-06 12:51:09] ➡️  Transform: C:\Users\web.atendimento\AppData\Local\Programs\Python\Python313\python.exe C:\Users\web.atendimento\crypto_tech\etl\transform.py
   [2025-10-06 12:51:10.447562] Features salvas com sucesso em: data/processed/crypto_features.parquet
   Total de registros: 3348
   Primeira data: 2025-10-01 00:11:50+00:00 | Última data: 2025-10-06 15:50:32+00:00
[2025-10-06 12:51:10] ✅ Transform concluído com sucesso.
[2025-10-06 12:51:10] 📦 Features atualizadas: 2025-10-06 12:51:10
[2025-10-06 12:51:10] ➡️  Train: C:\Users\web.atendimento\AppData\Local\Programs\Python\Python313\python.exe C:\Users\web.atendimento\crypto_tech\model\train.py
   
   [2025-10-06 12:51:12.117033] Iniciando treinamento...
   Total de registros no dataset: 3348
   Moedas disponíveis: ['btc', 'ada', 'eth', 'ltc', 'xrp', 'sol']
   
   [2025-10-06 12:51:12.348061] Modelo treinado para BTC
   Registros totais usados: 558
   Período: 2025-10-01 00:11:50+00:00 - 2025-10-06 15:50:32+00:00
   MAE: 245.4948
   R2 : -0.8878
   Modelo salvo em models//btc_model.joblib
   
   [2025-10-06 12:51:12.622757] Modelo treinado para ADA
   Registros totais usados: 558
   Período: 2025-10-01 00:11:50+00:00 - 2025-10-06 15:50:32+00:00
   MAE: 0.0031
   R2 : -0.0234
   Modelo salvo em models//ada_model.joblib
   
   [2025-10-06 12:51:12.909092] Modelo treinado para ETH
   Registros totais usados: 558
   Período: 2025-10-01 00:11:50+00:00 - 2025-10-06 15:50:32+00:00
   MAE: 40.4615
   R2 : -2.6638
   Modelo salvo em models//eth_model.joblib
   
   [2025-10-06 12:51:13.166586] Modelo treinado para LTC
   Registros totais usados: 558
   Período: 2025-10-01 00:11:50+00:00 - 2025-10-06 15:50:32+00:00
   MAE: 0.0794
   R2 : 0.7371
   Modelo salvo em models//ltc_model.joblib
   
   [2025-10-06 12:51:13.402072] Modelo treinado para XRP
   Registros totais usados: 558
   Período: 2025-10-01 00:11:50+00:00 - 2025-10-06 15:50:32+00:00
   MAE: 0.0068
   R2 : -0.5348
   Modelo salvo em models//xrp_model.joblib
   
   [2025-10-06 12:51:13.676217] Modelo treinado para SOL
   Registros totais usados: 558
   Período: 2025-10-01 00:11:50+00:00 - 2025-10-06 15:50:32+00:00
   MAE: 0.6384
   R2 : -1.0159
   Modelo salvo em models//sol_model.joblib
[2025-10-06 12:51:13] ✅ Train concluído com sucesso.
[2025-10-06 12:51:13] ➡️  Predict: C:\Users\web.atendimento\AppData\Local\Programs\Python\Python313\python.exe C:\Users\web.atendimento\crypto_tech\model\predict.py
   Traceback (most recent call last):
     File "C:\Users\web.atendimento\crypto_tech\model\predict.py", line 91, in <module>
       run_all()
       ~~~~~~~^^
     File "C:\Users\web.atendimento\crypto_tech\model\predict.py", line 87, in run_all
       predict(symbol)
       ~~~~~~~^^^^^^^^
     File "C:\Users\web.atendimento\crypto_tech\model\predict.py", line 72, in predict
       print(f"[{datetime.now().strftime('%Y-%m-%d %H:%M:%S')}] \u2705 Previsão registrada para {symbol.upper()}:")
       ~~~~~^^^^^^^^^^^^^^^^^^^^^^^^^^^^^^^^^^^^^^^^^^^^^^^^^^^^^^^^^^^^^^^^^^^^^^^^^^^^^^^^^^^^^^^^^^^^^^^^^^^
     File "C:\Users\web.atendimento\AppData\Local\Programs\Python\Python313\Lib\encodings\cp1252.py", line 19, in encode
       return codecs.charmap_encode(input,self.errors,encoding_table)[0]
              ~~~~~~~~~~~~~~~~~~~~~^^^^^^^^^^^^^^^^^^^^^^^^^^^^^^^^^^
   UnicodeEncodeError: 'charmap' codec can't encode character '\u2705' in position 22: character maps to <undefined>
[2025-10-06 12:51:15] ❌ Predict falhou (exit=1).
[2025-10-06 12:51:45] 🚀 Iniciando ciclo ETL (Extract → Transform → Train → Predict)...
[2025-10-06 12:51:45] ➡️  Extract: C:\Users\web.atendimento\AppData\Local\Programs\Python\Python313\python.exe C:\Users\web.atendimento\crypto_tech\etl\extract.py
   [2025-10-06 12:51:46.048324] Iniciando extração única...
   [2025-10-06 12:51:46.595713] Dados salvos com sucesso.
[2025-10-06 12:51:46] ✅ Extract concluído com sucesso.
[2025-10-06 12:51:46] ➡️  Transform: C:\Users\web.atendimento\AppData\Local\Programs\Python\Python313\python.exe C:\Users\web.atendimento\crypto_tech\etl\transform.py
   [2025-10-06 12:51:47.248458] Features salvas com sucesso em: data/processed/crypto_features.parquet
   Total de registros: 3354
   Primeira data: 2025-10-01 00:11:50+00:00 | Última data: 2025-10-06 15:51:09+00:00
[2025-10-06 12:51:47] ✅ Transform concluído com sucesso.
[2025-10-06 12:51:47] 📦 Features atualizadas: 2025-10-06 12:51:47
[2025-10-06 12:51:47] ➡️  Train: C:\Users\web.atendimento\AppData\Local\Programs\Python\Python313\python.exe C:\Users\web.atendimento\crypto_tech\model\train.py
   
   [2025-10-06 12:51:48.879732] Iniciando treinamento...
   Total de registros no dataset: 3354
   Moedas disponíveis: ['btc', 'ada', 'eth', 'ltc', 'xrp', 'sol']
   
   [2025-10-06 12:51:49.100230] Modelo treinado para BTC
   Registros totais usados: 559
   Período: 2025-10-01 00:11:50+00:00 - 2025-10-06 15:51:09+00:00
   MAE: 199.5609
   R2 : -0.2195
   Modelo salvo em models//btc_model.joblib
   
   [2025-10-06 12:51:49.367907] Modelo treinado para ADA
   Registros totais usados: 559
   Período: 2025-10-01 00:11:50+00:00 - 2025-10-06 15:51:09+00:00
   MAE: 0.0032
   R2 : -0.0484
   Modelo salvo em models//ada_model.joblib
   
   [2025-10-06 12:51:49.640777] Modelo treinado para ETH
   Registros totais usados: 559
   Período: 2025-10-01 00:11:50+00:00 - 2025-10-06 15:51:09+00:00
   MAE: 34.2099
   R2 : -1.8037
   Modelo salvo em models//eth_model.joblib
   
   [2025-10-06 12:51:49.897750] Modelo treinado para LTC
   Registros totais usados: 559
   Período: 2025-10-01 00:11:50+00:00 - 2025-10-06 15:51:09+00:00
   MAE: 0.0780
   R2 : 0.7478
   Modelo salvo em models//ltc_model.joblib
   
   [2025-10-06 12:51:50.135584] Modelo treinado para XRP
   Registros totais usados: 559
   Período: 2025-10-01 00:11:50+00:00 - 2025-10-06 15:51:09+00:00
   MAE: 0.0071
   R2 : -0.5502
   Modelo salvo em models//xrp_model.joblib
   
   [2025-10-06 12:51:50.393470] Modelo treinado para SOL
   Registros totais usados: 559
   Período: 2025-10-01 00:11:50+00:00 - 2025-10-06 15:51:09+00:00
   MAE: 0.6234
   R2 : -0.8570
   Modelo salvo em models//sol_model.joblib
[2025-10-06 12:51:50] ✅ Train concluído com sucesso.
[2025-10-06 12:51:50] ➡️  Predict: C:\Users\web.atendimento\AppData\Local\Programs\Python\Python313\python.exe C:\Users\web.atendimento\crypto_tech\model\predict.py
   Traceback (most recent call last):
     File "C:\Users\web.atendimento\crypto_tech\model\predict.py", line 91, in <module>
       run_all()
       ~~~~~~~^^
     File "C:\Users\web.atendimento\crypto_tech\model\predict.py", line 87, in run_all
       predict(symbol)
       ~~~~~~~^^^^^^^^
     File "C:\Users\web.atendimento\crypto_tech\model\predict.py", line 72, in predict
       print(f"[{datetime.now().strftime('%Y-%m-%d %H:%M:%S')}] \u2705 Previsão registrada para {symbol.upper()}:")
       ~~~~~^^^^^^^^^^^^^^^^^^^^^^^^^^^^^^^^^^^^^^^^^^^^^^^^^^^^^^^^^^^^^^^^^^^^^^^^^^^^^^^^^^^^^^^^^^^^^^^^^^^
     File "C:\Users\web.atendimento\AppData\Local\Programs\Python\Python313\Lib\encodings\cp1252.py", line 19, in encode
       return codecs.charmap_encode(input,self.errors,encoding_table)[0]
              ~~~~~~~~~~~~~~~~~~~~~^^^^^^^^^^^^^^^^^^^^^^^^^^^^^^^^^^
   UnicodeEncodeError: 'charmap' codec can't encode character '\u2705' in position 22: character maps to <undefined>
[2025-10-06 12:51:52] ❌ Predict falhou (exit=1).
[2025-10-06 12:52:22] 🚀 Iniciando ciclo ETL (Extract → Transform → Train → Predict)...
[2025-10-06 12:52:22] ➡️  Extract: C:\Users\web.atendimento\AppData\Local\Programs\Python\Python313\python.exe C:\Users\web.atendimento\crypto_tech\etl\extract.py
   [2025-10-06 12:52:22.810747] Iniciando extração única...
   [2025-10-06 12:52:23.104882] Dados salvos com sucesso.
[2025-10-06 12:52:23] ✅ Extract concluído com sucesso.
[2025-10-06 12:52:23] ➡️  Transform: C:\Users\web.atendimento\AppData\Local\Programs\Python\Python313\python.exe C:\Users\web.atendimento\crypto_tech\etl\transform.py
   [2025-10-06 12:52:23.749738] Features salvas com sucesso em: data/processed/crypto_features.parquet
   Total de registros: 3360
   Primeira data: 2025-10-01 00:11:50+00:00 | Última data: 2025-10-06 15:51:46+00:00
[2025-10-06 12:52:23] ✅ Transform concluído com sucesso.
[2025-10-06 12:52:23] 📦 Features atualizadas: 2025-10-06 12:52:23
[2025-10-06 12:52:23] ➡️  Train: C:\Users\web.atendimento\AppData\Local\Programs\Python\Python313\python.exe C:\Users\web.atendimento\crypto_tech\model\train.py
   
   [2025-10-06 12:52:25.389018] Iniciando treinamento...
   Total de registros no dataset: 3360
   Moedas disponíveis: ['btc', 'ada', 'eth', 'ltc', 'xrp', 'sol']
   
   [2025-10-06 12:52:25.618230] Modelo treinado para BTC
   Registros totais usados: 560
   Período: 2025-10-01 00:11:50+00:00 - 2025-10-06 15:51:46+00:00
   MAE: 190.5862
   R2 : -0.0804
   Modelo salvo em models//btc_model.joblib
   
   [2025-10-06 12:52:25.891054] Modelo treinado para ADA
   Registros totais usados: 560
   Período: 2025-10-01 00:11:50+00:00 - 2025-10-06 15:51:46+00:00
   MAE: 0.0033
   R2 : -0.0726
   Modelo salvo em models//ada_model.joblib
   
   [2025-10-06 12:52:26.160638] Modelo treinado para ETH
   Registros totais usados: 560
   Período: 2025-10-01 00:11:50+00:00 - 2025-10-06 15:51:46+00:00
   MAE: 33.4448
   R2 : -1.6288
   Modelo salvo em models//eth_model.joblib
   
   [2025-10-06 12:52:26.426528] Modelo treinado para LTC
   Registros totais usados: 560
   Período: 2025-10-01 00:11:50+00:00 - 2025-10-06 15:51:46+00:00
   MAE: 0.0771
   R2 : 0.7528
   Modelo salvo em models//ltc_model.joblib
   
   [2025-10-06 12:52:26.672262] Modelo treinado para XRP
   Registros totais usados: 560
   Período: 2025-10-01 00:11:50+00:00 - 2025-10-06 15:51:46+00:00
   MAE: 0.0073
   R2 : -0.5666
   Modelo salvo em models//xrp_model.joblib
   
   [2025-10-06 12:52:26.934575] Modelo treinado para SOL
   Registros totais usados: 560
   Período: 2025-10-01 00:11:50+00:00 - 2025-10-06 15:51:46+00:00
   MAE: 0.6273
   R2 : -0.7960
   Modelo salvo em models//sol_model.joblib
[2025-10-06 12:52:27] ✅ Train concluído com sucesso.
[2025-10-06 12:52:27] ➡️  Predict: C:\Users\web.atendimento\AppData\Local\Programs\Python\Python313\python.exe C:\Users\web.atendimento\crypto_tech\model\predict.py
   Traceback (most recent call last):
     File "C:\Users\web.atendimento\crypto_tech\model\predict.py", line 91, in <module>
       run_all()
       ~~~~~~~^^
     File "C:\Users\web.atendimento\crypto_tech\model\predict.py", line 87, in run_all
       predict(symbol)
       ~~~~~~~^^^^^^^^
     File "C:\Users\web.atendimento\crypto_tech\model\predict.py", line 72, in predict
       print(f"[{datetime.now().strftime('%Y-%m-%d %H:%M:%S')}] \u2705 Previsão registrada para {symbol.upper()}:")
       ~~~~~^^^^^^^^^^^^^^^^^^^^^^^^^^^^^^^^^^^^^^^^^^^^^^^^^^^^^^^^^^^^^^^^^^^^^^^^^^^^^^^^^^^^^^^^^^^^^^^^^^^
     File "C:\Users\web.atendimento\AppData\Local\Programs\Python\Python313\Lib\encodings\cp1252.py", line 19, in encode
       return codecs.charmap_encode(input,self.errors,encoding_table)[0]
              ~~~~~~~~~~~~~~~~~~~~~^^^^^^^^^^^^^^^^^^^^^^^^^^^^^^^^^^
   UnicodeEncodeError: 'charmap' codec can't encode character '\u2705' in position 22: character maps to <undefined>
[2025-10-06 12:52:29] ❌ Predict falhou (exit=1).
[2025-10-06 12:52:59] 🚀 Iniciando ciclo ETL (Extract → Transform → Train → Predict)...
[2025-10-06 12:52:59] ➡️  Extract: C:\Users\web.atendimento\AppData\Local\Programs\Python\Python313\python.exe C:\Users\web.atendimento\crypto_tech\etl\extract.py
   [2025-10-06 12:52:59.261558] Iniciando extração única...
   [2025-10-06 12:52:59.741373] Dados salvos com sucesso.
[2025-10-06 12:52:59] ✅ Extract concluído com sucesso.
[2025-10-06 12:52:59] ➡️  Transform: C:\Users\web.atendimento\AppData\Local\Programs\Python\Python313\python.exe C:\Users\web.atendimento\crypto_tech\etl\transform.py
   [2025-10-06 12:53:00.395158] Features salvas com sucesso em: data/processed/crypto_features.parquet
   Total de registros: 3366
   Primeira data: 2025-10-01 00:11:50+00:00 | Última data: 2025-10-06 15:52:23+00:00
[2025-10-06 12:53:00] ✅ Transform concluído com sucesso.
[2025-10-06 12:53:00] 📦 Features atualizadas: 2025-10-06 12:53:00
[2025-10-06 12:53:00] ➡️  Train: C:\Users\web.atendimento\AppData\Local\Programs\Python\Python313\python.exe C:\Users\web.atendimento\crypto_tech\model\train.py
   
   [2025-10-06 12:53:02.002586] Iniciando treinamento...
   Total de registros no dataset: 3366
   Moedas disponíveis: ['btc', 'ada', 'eth', 'ltc', 'xrp', 'sol']
   
   [2025-10-06 12:53:02.237437] Modelo treinado para BTC
   Registros totais usados: 561
   Período: 2025-10-01 00:11:50+00:00 - 2025-10-06 15:52:23+00:00
   MAE: 192.4620
   R2 : -0.0896
   Modelo salvo em models//btc_model.joblib
   
   [2025-10-06 12:53:02.516089] Modelo treinado para ADA
   Registros totais usados: 561
   Período: 2025-10-01 00:11:50+00:00 - 2025-10-06 15:52:23+00:00
   MAE: 0.0034
   R2 : -0.0877
   Modelo salvo em models//ada_model.joblib
   
   [2025-10-06 12:53:02.783205] Modelo treinado para ETH
   Registros totais usados: 561
   Período: 2025-10-01 00:11:50+00:00 - 2025-10-06 15:52:23+00:00
   MAE: 33.9523
   R2 : -1.6223
   Modelo salvo em models//eth_model.joblib
   
   [2025-10-06 12:53:03.047706] Modelo treinado para LTC
   Registros totais usados: 561
   Período: 2025-10-01 00:11:50+00:00 - 2025-10-06 15:52:23+00:00
   MAE: 0.0769
   R2 : 0.7615
   Modelo salvo em models//ltc_model.joblib
   
   [2025-10-06 12:53:03.286933] Modelo treinado para XRP
   Registros totais usados: 561
   Período: 2025-10-01 00:11:50+00:00 - 2025-10-06 15:52:23+00:00
   MAE: 0.0075
   R2 : -0.5757
   Modelo salvo em models//xrp_model.joblib
   
   [2025-10-06 12:53:03.540541] Modelo treinado para SOL
   Registros totais usados: 561
   Período: 2025-10-01 00:11:50+00:00 - 2025-10-06 15:52:23+00:00
   MAE: 0.6418
   R2 : -0.7942
   Modelo salvo em models//sol_model.joblib
[2025-10-06 12:53:03] ✅ Train concluído com sucesso.
[2025-10-06 12:53:03] ➡️  Predict: C:\Users\web.atendimento\AppData\Local\Programs\Python\Python313\python.exe C:\Users\web.atendimento\crypto_tech\model\predict.py
   Traceback (most recent call last):
     File "C:\Users\web.atendimento\crypto_tech\model\predict.py", line 91, in <module>
       run_all()
       ~~~~~~~^^
     File "C:\Users\web.atendimento\crypto_tech\model\predict.py", line 87, in run_all
       predict(symbol)
       ~~~~~~~^^^^^^^^
     File "C:\Users\web.atendimento\crypto_tech\model\predict.py", line 72, in predict
       print(f"[{datetime.now().strftime('%Y-%m-%d %H:%M:%S')}] \u2705 Previsão registrada para {symbol.upper()}:")
       ~~~~~^^^^^^^^^^^^^^^^^^^^^^^^^^^^^^^^^^^^^^^^^^^^^^^^^^^^^^^^^^^^^^^^^^^^^^^^^^^^^^^^^^^^^^^^^^^^^^^^^^^
     File "C:\Users\web.atendimento\AppData\Local\Programs\Python\Python313\Lib\encodings\cp1252.py", line 19, in encode
       return codecs.charmap_encode(input,self.errors,encoding_table)[0]
              ~~~~~~~~~~~~~~~~~~~~~^^^^^^^^^^^^^^^^^^^^^^^^^^^^^^^^^^
   UnicodeEncodeError: 'charmap' codec can't encode character '\u2705' in position 22: character maps to <undefined>
[2025-10-06 12:53:05] ❌ Predict falhou (exit=1).
[2025-10-06 12:53:35] 🚀 Iniciando ciclo ETL (Extract → Transform → Train → Predict)...
[2025-10-06 12:53:35] ➡️  Extract: C:\Users\web.atendimento\AppData\Local\Programs\Python\Python313\python.exe C:\Users\web.atendimento\crypto_tech\etl\extract.py
   [2025-10-06 12:53:35.873207] Iniciando extração única...
   [2025-10-06 12:53:36.174157] Dados salvos com sucesso.
[2025-10-06 12:53:36] ✅ Extract concluído com sucesso.
[2025-10-06 12:53:36] ➡️  Transform: C:\Users\web.atendimento\AppData\Local\Programs\Python\Python313\python.exe C:\Users\web.atendimento\crypto_tech\etl\transform.py
   [2025-10-06 12:53:36.834329] Features salvas com sucesso em: data/processed/crypto_features.parquet
   Total de registros: 3372
   Primeira data: 2025-10-01 00:11:50+00:00 | Última data: 2025-10-06 15:52:59+00:00
[2025-10-06 12:53:36] ✅ Transform concluído com sucesso.
[2025-10-06 12:53:36] 📦 Features atualizadas: 2025-10-06 12:53:36
[2025-10-06 12:53:36] ➡️  Train: C:\Users\web.atendimento\AppData\Local\Programs\Python\Python313\python.exe C:\Users\web.atendimento\crypto_tech\model\train.py
   
   [2025-10-06 12:53:38.430483] Iniciando treinamento...
   Total de registros no dataset: 3372
   Moedas disponíveis: ['btc', 'ada', 'eth', 'ltc', 'xrp', 'sol']
   
   [2025-10-06 12:53:38.662662] Modelo treinado para BTC
   Registros totais usados: 562
   Período: 2025-10-01 00:11:50+00:00 - 2025-10-06 15:52:59+00:00
   MAE: 187.9596
   R2 : -0.0161
   Modelo salvo em models//btc_model.joblib
   
   [2025-10-06 12:53:38.930531] Modelo treinado para ADA
   Registros totais usados: 562
   Período: 2025-10-01 00:11:50+00:00 - 2025-10-06 15:52:59+00:00
   MAE: 0.0036
   R2 : -0.1108
   Modelo salvo em models//ada_model.joblib
   
   [2025-10-06 12:53:39.201714] Modelo treinado para ETH
   Registros totais usados: 562
   Período: 2025-10-01 00:11:50+00:00 - 2025-10-06 15:52:59+00:00
   MAE: 33.4319
   R2 : -1.4885
   Modelo salvo em models//eth_model.joblib
   
   [2025-10-06 12:53:39.472631] Modelo treinado para LTC
   Registros totais usados: 562
   Período: 2025-10-01 00:11:50+00:00 - 2025-10-06 15:52:59+00:00
   MAE: 0.0782
   R2 : 0.7661
   Modelo salvo em models//ltc_model.joblib
   
   [2025-10-06 12:53:39.717685] Modelo treinado para XRP
   Registros totais usados: 562
   Período: 2025-10-01 00:11:50+00:00 - 2025-10-06 15:52:59+00:00
   MAE: 0.0078
   R2 : -0.5935
   Modelo salvo em models//xrp_model.joblib
   
   [2025-10-06 12:53:39.978458] Modelo treinado para SOL
   Registros totais usados: 562
   Período: 2025-10-01 00:11:50+00:00 - 2025-10-06 15:52:59+00:00
   MAE: 0.6154
   R2 : -0.6449
   Modelo salvo em models//sol_model.joblib
[2025-10-06 12:53:40] ✅ Train concluído com sucesso.
[2025-10-06 12:53:40] ➡️  Predict: C:\Users\web.atendimento\AppData\Local\Programs\Python\Python313\python.exe C:\Users\web.atendimento\crypto_tech\model\predict.py
   Traceback (most recent call last):
     File "C:\Users\web.atendimento\crypto_tech\model\predict.py", line 91, in <module>
       run_all()
       ~~~~~~~^^
     File "C:\Users\web.atendimento\crypto_tech\model\predict.py", line 87, in run_all
       predict(symbol)
       ~~~~~~~^^^^^^^^
     File "C:\Users\web.atendimento\crypto_tech\model\predict.py", line 72, in predict
       print(f"[{datetime.now().strftime('%Y-%m-%d %H:%M:%S')}] \u2705 Previsão registrada para {symbol.upper()}:")
       ~~~~~^^^^^^^^^^^^^^^^^^^^^^^^^^^^^^^^^^^^^^^^^^^^^^^^^^^^^^^^^^^^^^^^^^^^^^^^^^^^^^^^^^^^^^^^^^^^^^^^^^^
     File "C:\Users\web.atendimento\AppData\Local\Programs\Python\Python313\Lib\encodings\cp1252.py", line 19, in encode
       return codecs.charmap_encode(input,self.errors,encoding_table)[0]
              ~~~~~~~~~~~~~~~~~~~~~^^^^^^^^^^^^^^^^^^^^^^^^^^^^^^^^^^
   UnicodeEncodeError: 'charmap' codec can't encode character '\u2705' in position 22: character maps to <undefined>
[2025-10-06 12:53:42] ❌ Predict falhou (exit=1).
[2025-10-06 12:54:12] 🚀 Iniciando ciclo ETL (Extract → Transform → Train → Predict)...
[2025-10-06 12:54:12] ➡️  Extract: C:\Users\web.atendimento\AppData\Local\Programs\Python\Python313\python.exe C:\Users\web.atendimento\crypto_tech\etl\extract.py
   [2025-10-06 12:54:12.334897] Iniciando extração única...
   [2025-10-06 12:54:12.800259] Dados salvos com sucesso.
[2025-10-06 12:54:12] ✅ Extract concluído com sucesso.
[2025-10-06 12:54:12] ➡️  Transform: C:\Users\web.atendimento\AppData\Local\Programs\Python\Python313\python.exe C:\Users\web.atendimento\crypto_tech\etl\transform.py
   [2025-10-06 12:54:13.459227] Features salvas com sucesso em: data/processed/crypto_features.parquet
   Total de registros: 3378
   Primeira data: 2025-10-01 00:11:50+00:00 | Última data: 2025-10-06 15:53:36+00:00
[2025-10-06 12:54:13] ✅ Transform concluído com sucesso.
[2025-10-06 12:54:13] 📦 Features atualizadas: 2025-10-06 12:54:13
[2025-10-06 12:54:13] ➡️  Train: C:\Users\web.atendimento\AppData\Local\Programs\Python\Python313\python.exe C:\Users\web.atendimento\crypto_tech\model\train.py
   
   [2025-10-06 12:54:15.045727] Iniciando treinamento...
   Total de registros no dataset: 3378
   Moedas disponíveis: ['btc', 'ada', 'eth', 'ltc', 'xrp', 'sol']
   
   [2025-10-06 12:54:15.265859] Modelo treinado para BTC
   Registros totais usados: 563
   Período: 2025-10-01 00:11:50+00:00 - 2025-10-06 15:53:36+00:00
   MAE: 185.9257
   R2 : 0.0401
   Modelo salvo em models//btc_model.joblib
   
   [2025-10-06 12:54:15.531233] Modelo treinado para ADA
   Registros totais usados: 563
   Período: 2025-10-01 00:11:50+00:00 - 2025-10-06 15:53:36+00:00
   MAE: 0.0037
   R2 : -0.1338
   Modelo salvo em models//ada_model.joblib
   
   [2025-10-06 12:54:15.802188] Modelo treinado para ETH
   Registros totais usados: 563
   Período: 2025-10-01 00:11:50+00:00 - 2025-10-06 15:53:36+00:00
   MAE: 33.4562
   R2 : -1.4283
   Modelo salvo em models//eth_model.joblib
   
   [2025-10-06 12:54:16.068425] Modelo treinado para LTC
   Registros totais usados: 563
   Período: 2025-10-01 00:11:50+00:00 - 2025-10-06 15:53:36+00:00
   MAE: 0.0773
   R2 : 0.7698
   Modelo salvo em models//ltc_model.joblib
   
   [2025-10-06 12:54:16.307362] Modelo treinado para XRP
   Registros totais usados: 563
   Período: 2025-10-01 00:11:50+00:00 - 2025-10-06 15:53:36+00:00
   MAE: 0.0081
   R2 : -0.6121
   Modelo salvo em models//xrp_model.joblib
   
   [2025-10-06 12:54:16.563174] Modelo treinado para SOL
   Registros totais usados: 563
   Período: 2025-10-01 00:11:50+00:00 - 2025-10-06 15:53:36+00:00
   MAE: 0.6055
   R2 : -0.5653
   Modelo salvo em models//sol_model.joblib
[2025-10-06 12:54:16] ✅ Train concluído com sucesso.
[2025-10-06 12:54:16] ➡️  Predict: C:\Users\web.atendimento\AppData\Local\Programs\Python\Python313\python.exe C:\Users\web.atendimento\crypto_tech\model\predict.py
   Traceback (most recent call last):
     File "C:\Users\web.atendimento\crypto_tech\model\predict.py", line 91, in <module>
       run_all()
       ~~~~~~~^^
     File "C:\Users\web.atendimento\crypto_tech\model\predict.py", line 87, in run_all
       predict(symbol)
       ~~~~~~~^^^^^^^^
     File "C:\Users\web.atendimento\crypto_tech\model\predict.py", line 72, in predict
       print(f"[{datetime.now().strftime('%Y-%m-%d %H:%M:%S')}] \u2705 Previsão registrada para {symbol.upper()}:")
       ~~~~~^^^^^^^^^^^^^^^^^^^^^^^^^^^^^^^^^^^^^^^^^^^^^^^^^^^^^^^^^^^^^^^^^^^^^^^^^^^^^^^^^^^^^^^^^^^^^^^^^^^
     File "C:\Users\web.atendimento\AppData\Local\Programs\Python\Python313\Lib\encodings\cp1252.py", line 19, in encode
       return codecs.charmap_encode(input,self.errors,encoding_table)[0]
              ~~~~~~~~~~~~~~~~~~~~~^^^^^^^^^^^^^^^^^^^^^^^^^^^^^^^^^^
   UnicodeEncodeError: 'charmap' codec can't encode character '\u2705' in position 22: character maps to <undefined>
[2025-10-06 12:54:18] ❌ Predict falhou (exit=1).
[2025-10-06 12:54:48] 🚀 Iniciando ciclo ETL (Extract → Transform → Train → Predict)...
[2025-10-06 12:54:48] ➡️  Extract: C:\Users\web.atendimento\AppData\Local\Programs\Python\Python313\python.exe C:\Users\web.atendimento\crypto_tech\etl\extract.py
   [2025-10-06 12:54:48.908920] Iniciando extração única...
   [2025-10-06 12:54:49.222962] Dados salvos com sucesso.
[2025-10-06 12:54:49] ✅ Extract concluído com sucesso.
[2025-10-06 12:54:49] ➡️  Transform: C:\Users\web.atendimento\AppData\Local\Programs\Python\Python313\python.exe C:\Users\web.atendimento\crypto_tech\etl\transform.py
   [2025-10-06 12:54:49.964943] Features salvas com sucesso em: data/processed/crypto_features.parquet
   Total de registros: 3384
   Primeira data: 2025-10-01 00:11:50+00:00 | Última data: 2025-10-06 15:54:12+00:00
[2025-10-06 12:54:50] ✅ Transform concluído com sucesso.
[2025-10-06 12:54:50] 📦 Features atualizadas: 2025-10-06 12:54:49
[2025-10-06 12:54:50] ➡️  Train: C:\Users\web.atendimento\AppData\Local\Programs\Python\Python313\python.exe C:\Users\web.atendimento\crypto_tech\model\train.py


=== Início da execução: 2025-10-06 12:58:37 ===
[2025-10-06 12:58:37] 🧠 Orquestrador iniciado.
[2025-10-06 12:58:37] 🌐 Iniciando API (Uvicorn)...
[2025-10-06 12:58:37] 📊 Iniciando Dashboard (Streamlit)...
[2025-10-06 12:58:37] 🚀 Iniciando ciclo ETL (Extract → Transform → Train → Predict)...
[2025-10-06 12:58:37] ➡️  Extract: C:\Users\web.atendimento\AppData\Local\Programs\Python\Python313\python.exe C:\Users\web.atendimento\crypto_tech\etl\extract.py
   [2025-10-06 12:58:38.239771] Iniciando extração única...
   [2025-10-06 12:58:38.860035] Dados salvos com sucesso.
[2025-10-06 12:58:38] ✅ Extract concluído com sucesso.
[2025-10-06 12:58:38] ➡️  Transform: C:\Users\web.atendimento\AppData\Local\Programs\Python\Python313\python.exe C:\Users\web.atendimento\crypto_tech\etl\transform.py
   [2025-10-06 12:58:39.858382] Features salvas com sucesso em: data/processed/crypto_features.parquet
   Total de registros: 3390
   Primeira data: 2025-10-01 00:11:50+00:00 | Última data: 2025-10-06 15:54:49+00:00
[2025-10-06 12:58:39] ✅ Transform concluído com sucesso.
[2025-10-06 12:58:39] 📦 Features atualizadas: 2025-10-06 12:58:39
[2025-10-06 12:58:39] ➡️  Train: C:\Users\web.atendimento\AppData\Local\Programs\Python\Python313\python.exe C:\Users\web.atendimento\crypto_tech\model\train.py
   
   [2025-10-06 12:58:42.219952] Iniciando treinamento...
   Total de registros no dataset: 3390
   Moedas disponíveis: ['btc', 'ada', 'eth', 'ltc', 'xrp', 'sol']
   
   [2025-10-06 12:58:42.611744] Modelo treinado para BTC
   Registros totais usados: 565
   Período: 2025-10-01 00:11:50+00:00 - 2025-10-06 15:54:49+00:00
   MAE: 192.8219
   R2 : 0.0197
   Modelo salvo em models//btc_model.joblib
   
   [2025-10-06 12:58:43.026768] Modelo treinado para ADA
   Registros totais usados: 565
   Período: 2025-10-01 00:11:50+00:00 - 2025-10-06 15:54:49+00:00
   MAE: 0.0040
   R2 : -0.1784
   Modelo salvo em models//ada_model.joblib
   
   [2025-10-06 12:58:43.466500] Modelo treinado para ETH
   Registros totais usados: 565
   Período: 2025-10-01 00:11:50+00:00 - 2025-10-06 15:54:49+00:00
   MAE: 33.7994
   R2 : -1.3684
   Modelo salvo em models//eth_model.joblib
   
   [2025-10-06 12:58:43.826788] Modelo treinado para LTC
   Registros totais usados: 565
   Período: 2025-10-01 00:11:50+00:00 - 2025-10-06 15:54:49+00:00
   MAE: 0.0776
   R2 : 0.7730
   Modelo salvo em models//ltc_model.joblib
   
   [2025-10-06 12:58:44.078019] Modelo treinado para XRP
   Registros totais usados: 565
   Período: 2025-10-01 00:11:50+00:00 - 2025-10-06 15:54:49+00:00
   MAE: 0.0087
   R2 : -0.6390
   Modelo salvo em models//xrp_model.joblib
   
   [2025-10-06 12:58:44.384254] Modelo treinado para SOL
   Registros totais usados: 565
   Período: 2025-10-01 00:11:50+00:00 - 2025-10-06 15:54:49+00:00
   MAE: 0.5933
   R2 : -0.4521
   Modelo salvo em models//sol_model.joblib
[2025-10-06 12:58:44] ✅ Train concluído com sucesso.
[2025-10-06 12:58:44] ➡️  Predict: C:\Users\web.atendimento\AppData\Local\Programs\Python\Python313\python.exe C:\Users\web.atendimento\crypto_tech\model\predict.py
[2025-10-06 12:58:45] 🌍 Abrindo navegador (Dashboard + API)...
   [2025-10-06 12:58:47] Previsão registrada para BTC:
      Preço atual = 125203.00
      Previsão para 06/10 13:54 = 124842.43
   
   [2025-10-06 12:58:47] Previsão registrada para ADA:
      Preço atual = 0.88
      Previsão para 06/10 13:54 = 0.86
   
   [2025-10-06 12:58:47] Previsão registrada para ETH:
      Preço atual = 4683.04
      Previsão para 06/10 13:54 = 4596.76
   
   [2025-10-06 12:58:47] Previsão registrada para LTC:
      Preço atual = 120.70
      Previsão para 06/10 13:54 = 120.70
   
   [2025-10-06 12:58:47] Previsão registrada para XRP:
      Preço atual = 3.03
      Previsão para 06/10 13:54 = 3.00
   
   [2025-10-06 12:58:47] Previsão registrada para SOL:
      Preço atual = 236.19
      Previsão para 06/10 13:54 = 234.12
   
[2025-10-06 12:58:48] ✅ Predict concluído com sucesso.
[2025-10-06 12:58:48] 📝 Log de previsões atualizado: 2025-10-06 12:58:47
[2025-10-06 12:58:48] ✅ Ciclo ETL concluído. Próxima execução em 30s...

[2025-10-06 12:59:18] 🚀 Iniciando ciclo ETL (Extract → Transform → Train → Predict)...
[2025-10-06 12:59:18] ➡️  Extract: C:\Users\web.atendimento\AppData\Local\Programs\Python\Python313\python.exe C:\Users\web.atendimento\crypto_tech\etl\extract.py
   [2025-10-06 12:59:18.517949] Iniciando extração única...
   [2025-10-06 12:59:18.823311] Dados salvos com sucesso.
[2025-10-06 12:59:18] ✅ Extract concluído com sucesso.
[2025-10-06 12:59:18] ➡️  Transform: C:\Users\web.atendimento\AppData\Local\Programs\Python\Python313\python.exe C:\Users\web.atendimento\crypto_tech\etl\transform.py
   [2025-10-06 12:59:19.460268] Features salvas com sucesso em: data/processed/crypto_features.parquet
   Total de registros: 3396
   Primeira data: 2025-10-01 00:11:50+00:00 | Última data: 2025-10-06 15:58:38+00:00
[2025-10-06 12:59:19] ✅ Transform concluído com sucesso.
[2025-10-06 12:59:19] 📦 Features atualizadas: 2025-10-06 12:59:19
[2025-10-06 12:59:19] ➡️  Train: C:\Users\web.atendimento\AppData\Local\Programs\Python\Python313\python.exe C:\Users\web.atendimento\crypto_tech\model\train.py
   
   [2025-10-06 12:59:21.140343] Iniciando treinamento...
   Total de registros no dataset: 3396
   Moedas disponíveis: ['btc', 'ada', 'eth', 'ltc', 'xrp', 'sol']
   
   [2025-10-06 12:59:21.366082] Modelo treinado para BTC
   Registros totais usados: 566
   Período: 2025-10-01 00:11:50+00:00 - 2025-10-06 15:58:38+00:00
   MAE: 194.1112
   R2 : 0.0131
   Modelo salvo em models//btc_model.joblib
   
   [2025-10-06 12:59:21.633790] Modelo treinado para ADA
   Registros totais usados: 566
   Período: 2025-10-01 00:11:50+00:00 - 2025-10-06 15:58:38+00:00
   MAE: 0.0041
   R2 : -0.1919
   Modelo salvo em models//ada_model.joblib
   
   [2025-10-06 12:59:21.902357] Modelo treinado para ETH
   Registros totais usados: 566
   Período: 2025-10-01 00:11:50+00:00 - 2025-10-06 15:58:38+00:00
   MAE: 34.2167
   R2 : -1.3789
   Modelo salvo em models//eth_model.joblib
   
   [2025-10-06 12:59:22.163645] Modelo treinado para LTC
   Registros totais usados: 566
   Período: 2025-10-01 00:11:50+00:00 - 2025-10-06 15:58:38+00:00
   MAE: 0.0770
   R2 : 0.7786
   Modelo salvo em models//ltc_model.joblib
   
   [2025-10-06 12:59:22.419116] Modelo treinado para XRP
   Registros totais usados: 566
   Período: 2025-10-01 00:11:50+00:00 - 2025-10-06 15:58:38+00:00
   MAE: 0.0089
   R2 : -0.6394
   Modelo salvo em models//xrp_model.joblib
   
   [2025-10-06 12:59:22.680213] Modelo treinado para SOL
   Registros totais usados: 566
   Período: 2025-10-01 00:11:50+00:00 - 2025-10-06 15:58:38+00:00
   MAE: 0.6057
   R2 : -0.4642
   Modelo salvo em models//sol_model.joblib
[2025-10-06 12:59:22] ✅ Train concluído com sucesso.
[2025-10-06 12:59:22] ➡️  Predict: C:\Users\web.atendimento\AppData\Local\Programs\Python\Python313\python.exe C:\Users\web.atendimento\crypto_tech\model\predict.py
   [2025-10-06 12:59:24] Previsão registrada para BTC:
      Preço atual = 125182.00
      Previsão para 06/10 13:58 = 124842.19
   
   [2025-10-06 12:59:24] Previsão registrada para ADA:
      Preço atual = 0.88
      Previsão para 06/10 13:58 = 0.86
   
   [2025-10-06 12:59:25] Previsão registrada para ETH:
      Preço atual = 4678.13
      Previsão para 06/10 13:58 = 4596.76
   
   [2025-10-06 12:59:25] Previsão registrada para LTC:
      Preço atual = 120.69
      Previsão para 06/10 13:58 = 120.70
   
   [2025-10-06 12:59:25] Previsão registrada para XRP:
      Preço atual = 3.04
      Previsão para 06/10 13:58 = 3.00
   
   [2025-10-06 12:59:25] Previsão registrada para SOL:
      Preço atual = 236.12
      Previsão para 06/10 13:58 = 234.12
   
[2025-10-06 12:59:25] ✅ Predict concluído com sucesso.
[2025-10-06 12:59:25] 📝 Log de previsões atualizado: 2025-10-06 12:59:25
[2025-10-06 12:59:25] ✅ Ciclo ETL concluído. Próxima execução em 30s...

[2025-10-06 12:59:55] 🚀 Iniciando ciclo ETL (Extract → Transform → Train → Predict)...
[2025-10-06 12:59:55] ➡️  Extract: C:\Users\web.atendimento\AppData\Local\Programs\Python\Python313\python.exe C:\Users\web.atendimento\crypto_tech\etl\extract.py
   [2025-10-06 12:59:55.758596] Iniciando extração única...
   [2025-10-06 12:59:56.224423] Dados salvos com sucesso.
[2025-10-06 12:59:56] ✅ Extract concluído com sucesso.
[2025-10-06 12:59:56] ➡️  Transform: C:\Users\web.atendimento\AppData\Local\Programs\Python\Python313\python.exe C:\Users\web.atendimento\crypto_tech\etl\transform.py
   [2025-10-06 12:59:56.933736] Features salvas com sucesso em: data/processed/crypto_features.parquet
   Total de registros: 3402
   Primeira data: 2025-10-01 00:11:50+00:00 | Última data: 2025-10-06 15:59:18+00:00
[2025-10-06 12:59:57] ✅ Transform concluído com sucesso.
[2025-10-06 12:59:57] 📦 Features atualizadas: 2025-10-06 12:59:56
[2025-10-06 12:59:57] ➡️  Train: C:\Users\web.atendimento\AppData\Local\Programs\Python\Python313\python.exe C:\Users\web.atendimento\crypto_tech\model\train.py
   
   [2025-10-06 12:59:58.732295] Iniciando treinamento...
   Total de registros no dataset: 3402
   Moedas disponíveis: ['btc', 'ada', 'eth', 'ltc', 'xrp', 'sol']
   
   [2025-10-06 12:59:59.006971] Modelo treinado para BTC
   Registros totais usados: 567
   Período: 2025-10-01 00:11:50+00:00 - 2025-10-06 15:59:18+00:00
   MAE: 200.3625
   R2 : -0.0377
   Modelo salvo em models//btc_model.joblib
   
   [2025-10-06 12:59:59.273454] Modelo treinado para ADA
   Registros totais usados: 567
   Período: 2025-10-01 00:11:50+00:00 - 2025-10-06 15:59:18+00:00
   MAE: 0.0043
   R2 : -0.2142
   Modelo salvo em models//ada_model.joblib
   
   [2025-10-06 12:59:59.531261] Modelo treinado para ETH
   Registros totais usados: 567
   Período: 2025-10-01 00:11:50+00:00 - 2025-10-06 15:59:18+00:00
   MAE: 34.6918
   R2 : -1.3956
   Modelo salvo em models//eth_model.joblib
   
   [2025-10-06 12:59:59.790235] Modelo treinado para LTC
   Registros totais usados: 567
   Período: 2025-10-01 00:11:50+00:00 - 2025-10-06 15:59:18+00:00
   MAE: 0.0779
   R2 : 0.7810
   Modelo salvo em models//ltc_model.joblib
   
   [2025-10-06 13:00:00.049570] Modelo treinado para XRP
   Registros totais usados: 567
   Período: 2025-10-01 00:11:50+00:00 - 2025-10-06 15:59:18+00:00
   MAE: 0.0093
   R2 : -0.6508
   Modelo salvo em models//xrp_model.joblib
   
   [2025-10-06 13:00:00.314054] Modelo treinado para SOL
   Registros totais usados: 567
   Período: 2025-10-01 00:11:50+00:00 - 2025-10-06 15:59:18+00:00
   MAE: 0.6084
   R2 : -0.4391
   Modelo salvo em models//sol_model.joblib
[2025-10-06 13:00:00] ✅ Train concluído com sucesso.
[2025-10-06 13:00:00] ➡️  Predict: C:\Users\web.atendimento\AppData\Local\Programs\Python\Python313\python.exe C:\Users\web.atendimento\crypto_tech\model\predict.py
   [2025-10-06 13:00:02] Previsão registrada para BTC:
      Preço atual = 125182.00
      Previsão para 06/10 13:59 = 124833.43
   
   [2025-10-06 13:00:02] Previsão registrada para ADA:
      Preço atual = 0.88
      Previsão para 06/10 13:59 = 0.86
   
   [2025-10-06 13:00:02] Previsão registrada para ETH:
      Preço atual = 4678.13
      Previsão para 06/10 13:59 = 4597.06
   
   [2025-10-06 13:00:02] Previsão registrada para LTC:
      Preço atual = 120.69
      Previsão para 06/10 13:59 = 120.71
   
   [2025-10-06 13:00:02] Previsão registrada para XRP:
      Preço atual = 3.04
      Previsão para 06/10 13:59 = 3.00
   
   [2025-10-06 13:00:02] Previsão registrada para SOL:
      Preço atual = 236.12
      Previsão para 06/10 13:59 = 234.14
   
[2025-10-06 13:00:03] ✅ Predict concluído com sucesso.
[2025-10-06 13:00:03] 📝 Log de previsões atualizado: 2025-10-06 13:00:02
[2025-10-06 13:00:03] ✅ Ciclo ETL concluído. Próxima execução em 30s...

[2025-10-06 13:00:33] 🚀 Iniciando ciclo ETL (Extract → Transform → Train → Predict)...
[2025-10-06 13:00:33] ➡️  Extract: C:\Users\web.atendimento\AppData\Local\Programs\Python\Python313\python.exe C:\Users\web.atendimento\crypto_tech\etl\extract.py
   [2025-10-06 13:00:33.782179] Iniciando extração única...
   [2025-10-06 13:00:34.522848] Dados salvos com sucesso.
[2025-10-06 13:00:34] ✅ Extract concluído com sucesso.
[2025-10-06 13:00:34] ➡️  Transform: C:\Users\web.atendimento\AppData\Local\Programs\Python\Python313\python.exe C:\Users\web.atendimento\crypto_tech\etl\transform.py
   [2025-10-06 13:00:35.519574] Features salvas com sucesso em: data/processed/crypto_features.parquet
   Total de registros: 3408
   Primeira data: 2025-10-01 00:11:50+00:00 | Última data: 2025-10-06 15:59:56+00:00
[2025-10-06 13:00:35] ✅ Transform concluído com sucesso.
[2025-10-06 13:00:35] 📦 Features atualizadas: 2025-10-06 13:00:35
[2025-10-06 13:00:35] ➡️  Train: C:\Users\web.atendimento\AppData\Local\Programs\Python\Python313\python.exe C:\Users\web.atendimento\crypto_tech\model\train.py


=== Início da execução: 2025-10-06 13:09:06 ===
[2025-10-06 13:09:06] 🧠 Orquestrador iniciado.
[2025-10-06 13:09:06] 🌐 Iniciando API (Uvicorn)...
[2025-10-06 13:09:06] 📊 Iniciando Dashboard (Streamlit)...
[2025-10-06 13:09:06] 🚀 Iniciando ciclo ETL (Extract → Transform → Train → Predict)...
[2025-10-06 13:09:06] ➡️  Extract: C:\Users\web.atendimento\AppData\Local\Programs\Python\Python313\python.exe C:\Users\web.atendimento\crypto_tech\etl\extract.py
   [2025-10-06 13:09:06.948098] Iniciando extração única...
   [2025-10-06 13:09:07.602614] Dados salvos com sucesso.
[2025-10-06 13:09:07] ✅ Extract concluído com sucesso.
[2025-10-06 13:09:07] ➡️  Transform: C:\Users\web.atendimento\AppData\Local\Programs\Python\Python313\python.exe C:\Users\web.atendimento\crypto_tech\etl\transform.py
   [2025-10-06 13:09:08.597071] Features salvas com sucesso em: data/processed/crypto_features.parquet
   Total de registros: 3414
   Primeira data: 2025-10-01 00:11:50+00:00 | Última data: 2025-10-06 16:00:34+00:00
[2025-10-06 13:09:08] ✅ Transform concluído com sucesso.
[2025-10-06 13:09:08] 📦 Features atualizadas: 2025-10-06 13:09:08
[2025-10-06 13:09:08] ➡️  Train: C:\Users\web.atendimento\AppData\Local\Programs\Python\Python313\python.exe C:\Users\web.atendimento\crypto_tech\model\train.py
   
   [2025-10-06 13:09:10.893429] Iniciando treinamento...
   Total de registros no dataset: 3414
   Moedas disponíveis: ['btc', 'ada', 'eth', 'ltc', 'xrp', 'sol']
   
   [2025-10-06 13:09:11.137619] Modelo treinado para BTC
   Registros totais usados: 569
   Período: 2025-10-01 00:11:50+00:00 - 2025-10-06 16:00:34+00:00
   MAE: 204.8025
   R2 : -0.0588
   Modelo salvo em models//btc_model.joblib
   
   [2025-10-06 13:09:11.421573] Modelo treinado para ADA
   Registros totais usados: 569
   Período: 2025-10-01 00:11:50+00:00 - 2025-10-06 16:00:34+00:00
   MAE: 0.0045
   R2 : -0.2572
   Modelo salvo em models//ada_model.joblib
   
   [2025-10-06 13:09:11.705197] Modelo treinado para ETH
   Registros totais usados: 569
   Período: 2025-10-01 00:11:50+00:00 - 2025-10-06 16:00:34+00:00
   MAE: 35.9184
   R2 : -1.4694
   Modelo salvo em models//eth_model.joblib
   
   [2025-10-06 13:09:11.967442] Modelo treinado para LTC
   Registros totais usados: 569
   Período: 2025-10-01 00:11:50+00:00 - 2025-10-06 16:00:34+00:00
   MAE: 0.0776
   R2 : 0.7271
   Modelo salvo em models//ltc_model.joblib
   
   [2025-10-06 13:09:12.253375] Modelo treinado para XRP
   Registros totais usados: 569
   Período: 2025-10-01 00:11:50+00:00 - 2025-10-06 16:00:34+00:00
   MAE: 0.0099
   R2 : -0.6872
   Modelo salvo em models//xrp_model.joblib
   
   [2025-10-06 13:09:12.539628] Modelo treinado para SOL
   Registros totais usados: 569
   Período: 2025-10-01 00:11:50+00:00 - 2025-10-06 16:00:34+00:00
   MAE: 0.6203
   R2 : -0.4190
   Modelo salvo em models//sol_model.joblib
[2025-10-06 13:09:12] ✅ Train concluído com sucesso.
[2025-10-06 13:09:12] ➡️  Predict: C:\Users\web.atendimento\AppData\Local\Programs\Python\Python313\python.exe C:\Users\web.atendimento\crypto_tech\model\predict.py
[2025-10-06 13:09:14] 🌍 Abrindo navegador (Dashboard + API)...
   [2025-10-06 13:09:14] Previsão registrada para BTC:
      Preço atual = 125083.00
      Previsão para 06/10 14:00 = 124831.21
   
   [2025-10-06 13:09:15] Previsão registrada para ADA:
      Preço atual = 0.88
      Previsão para 06/10 14:00 = 0.86
   
   [2025-10-06 13:09:15] Previsão registrada para ETH:
      Preço atual = 4676.69
      Previsão para 06/10 14:00 = 4597.25
   
   [2025-10-06 13:09:15] Previsão registrada para LTC:
      Preço atual = 120.68
      Previsão para 06/10 14:00 = 120.72
   
   [2025-10-06 13:09:15] Previsão registrada para XRP:
      Preço atual = 3.04
      Previsão para 06/10 14:00 = 3.00
   
   [2025-10-06 13:09:15] Previsão registrada para SOL:
      Preço atual = 236.04
      Previsão para 06/10 14:00 = 234.17
   
[2025-10-06 13:09:15] ✅ Predict concluído com sucesso.
[2025-10-06 13:09:15] 📝 Log de previsões atualizado: 2025-10-06 13:09:15
[2025-10-06 13:09:15] ✅ Ciclo ETL concluído. Próxima execução em 30s...

[2025-10-06 13:09:45] 🚀 Iniciando ciclo ETL (Extract → Transform → Train → Predict)...
[2025-10-06 13:09:45] ➡️  Extract: C:\Users\web.atendimento\AppData\Local\Programs\Python\Python313\python.exe C:\Users\web.atendimento\crypto_tech\etl\extract.py
   [2025-10-06 13:09:46.131366] Iniciando extração única...
   [2025-10-06 13:09:46.433620] Dados salvos com sucesso.
[2025-10-06 13:09:46] ✅ Extract concluído com sucesso.
[2025-10-06 13:09:46] ➡️  Transform: C:\Users\web.atendimento\AppData\Local\Programs\Python\Python313\python.exe C:\Users\web.atendimento\crypto_tech\etl\transform.py
   [2025-10-06 13:09:47.129165] Features salvas com sucesso em: data/processed/crypto_features.parquet
   Total de registros: 3420
   Primeira data: 2025-10-01 00:11:50+00:00 | Última data: 2025-10-06 16:09:07+00:00
[2025-10-06 13:09:47] ✅ Transform concluído com sucesso.
[2025-10-06 13:09:47] 📦 Features atualizadas: 2025-10-06 13:09:47
[2025-10-06 13:09:47] ➡️  Train: C:\Users\web.atendimento\AppData\Local\Programs\Python\Python313\python.exe C:\Users\web.atendimento\crypto_tech\model\train.py
   
   [2025-10-06 13:09:48.924281] Iniciando treinamento...
   Total de registros no dataset: 3420
   Moedas disponíveis: ['btc', 'ada', 'eth', 'ltc', 'xrp', 'sol']
   
   [2025-10-06 13:09:49.152845] Modelo treinado para BTC
   Registros totais usados: 570
   Período: 2025-10-01 00:11:50+00:00 - 2025-10-06 16:09:07+00:00
   MAE: 207.1023
   R2 : -0.0717
   Modelo salvo em models//btc_model.joblib
   
   [2025-10-06 13:09:49.423665] Modelo treinado para ADA
   Registros totais usados: 570
   Período: 2025-10-01 00:11:50+00:00 - 2025-10-06 16:09:07+00:00
   MAE: 0.0047
   R2 : -0.2777
   Modelo salvo em models//ada_model.joblib
   
   [2025-10-06 13:09:49.711818] Modelo treinado para ETH
   Registros totais usados: 570
   Período: 2025-10-01 00:11:50+00:00 - 2025-10-06 16:09:07+00:00
   MAE: 36.5460
   R2 : -1.5136
   Modelo salvo em models//eth_model.joblib
   
   [2025-10-06 13:09:49.968534] Modelo treinado para LTC
   Registros totais usados: 570
   Período: 2025-10-01 00:11:50+00:00 - 2025-10-06 16:09:07+00:00
   MAE: 0.0787
   R2 : 0.7041
   Modelo salvo em models//ltc_model.joblib
   
   [2025-10-06 13:09:50.206737] Modelo treinado para XRP
   Registros totais usados: 570
   Período: 2025-10-01 00:11:50+00:00 - 2025-10-06 16:09:07+00:00
   MAE: 0.0102
   R2 : -0.7112
   Modelo salvo em models//xrp_model.joblib
   
   [2025-10-06 13:09:50.466908] Modelo treinado para SOL
   Registros totais usados: 570
   Período: 2025-10-01 00:11:50+00:00 - 2025-10-06 16:09:07+00:00
   MAE: 0.6298
   R2 : -0.4232
   Modelo salvo em models//sol_model.joblib
[2025-10-06 13:09:50] ✅ Train concluído com sucesso.
[2025-10-06 13:09:50] ➡️  Predict: C:\Users\web.atendimento\AppData\Local\Programs\Python\Python313\python.exe C:\Users\web.atendimento\crypto_tech\model\predict.py
   [2025-10-06 13:09:52] Previsão registrada para BTC:
      Preço atual = 124997.00
      Previsão para 06/10 14:09 = 124830.05
   
   [2025-10-06 13:09:52] Previsão registrada para ADA:
      Preço atual = 0.88
      Previsão para 06/10 14:09 = 0.86
   
   [2025-10-06 13:09:52] Previsão registrada para ETH:
      Preço atual = 4673.71
      Previsão para 06/10 14:09 = 4597.29
   
   [2025-10-06 13:09:52] Previsão registrada para LTC:
      Preço atual = 120.13
      Previsão para 06/10 14:09 = 120.53
   
   [2025-10-06 13:09:52] Previsão registrada para XRP:
      Preço atual = 3.03
      Previsão para 06/10 14:09 = 3.00
   
   [2025-10-06 13:09:52] Previsão registrada para SOL:
      Preço atual = 235.74
      Previsão para 06/10 14:09 = 234.17
   
[2025-10-06 13:09:53] ✅ Predict concluído com sucesso.
[2025-10-06 13:09:53] 📝 Log de previsões atualizado: 2025-10-06 13:09:52
[2025-10-06 13:09:53] ✅ Ciclo ETL concluído. Próxima execução em 30s...

[2025-10-06 13:10:23] 🚀 Iniciando ciclo ETL (Extract → Transform → Train → Predict)...
[2025-10-06 13:10:23] ➡️  Extract: C:\Users\web.atendimento\AppData\Local\Programs\Python\Python313\python.exe C:\Users\web.atendimento\crypto_tech\etl\extract.py
   [2025-10-06 13:10:23.401548] Iniciando extração única...
   [2025-10-06 13:10:23.873297] Dados salvos com sucesso.
[2025-10-06 13:10:23] ✅ Extract concluído com sucesso.
[2025-10-06 13:10:23] ➡️  Transform: C:\Users\web.atendimento\AppData\Local\Programs\Python\Python313\python.exe C:\Users\web.atendimento\crypto_tech\etl\transform.py
   [2025-10-06 13:10:24.546708] Features salvas com sucesso em: data/processed/crypto_features.parquet
   Total de registros: 3426
   Primeira data: 2025-10-01 00:11:50+00:00 | Última data: 2025-10-06 16:09:46+00:00
[2025-10-06 13:10:24] ✅ Transform concluído com sucesso.
[2025-10-06 13:10:24] 📦 Features atualizadas: 2025-10-06 13:10:24
[2025-10-06 13:10:24] ➡️  Train: C:\Users\web.atendimento\AppData\Local\Programs\Python\Python313\python.exe C:\Users\web.atendimento\crypto_tech\model\train.py
   
   [2025-10-06 13:10:26.315596] Iniciando treinamento...
   Total de registros no dataset: 3426
   Moedas disponíveis: ['btc', 'ada', 'eth', 'ltc', 'xrp', 'sol']
   
   [2025-10-06 13:10:26.566043] Modelo treinado para BTC
   Registros totais usados: 571
   Período: 2025-10-01 00:11:50+00:00 - 2025-10-06 16:09:46+00:00
   MAE: 206.2667
   R2 : -0.0736
   Modelo salvo em models//btc_model.joblib
   
   [2025-10-06 13:10:26.833668] Modelo treinado para ADA
   Registros totais usados: 571
   Período: 2025-10-01 00:11:50+00:00 - 2025-10-06 16:09:46+00:00
   MAE: 0.0048
   R2 : -0.2906
   Modelo salvo em models//ada_model.joblib
   
   [2025-10-06 13:10:27.094324] Modelo treinado para ETH
   Registros totais usados: 571
   Período: 2025-10-01 00:11:50+00:00 - 2025-10-06 16:09:46+00:00
   MAE: 36.8547
   R2 : -1.5322
   Modelo salvo em models//eth_model.joblib
   
   [2025-10-06 13:10:27.367352] Modelo treinado para LTC
   Registros totais usados: 571
   Período: 2025-10-01 00:11:50+00:00 - 2025-10-06 16:09:46+00:00
   MAE: 0.0798
   R2 : 0.7011
   Modelo salvo em models//ltc_model.joblib
   
   [2025-10-06 13:10:27.615254] Modelo treinado para XRP
   Registros totais usados: 571
   Período: 2025-10-01 00:11:50+00:00 - 2025-10-06 16:09:46+00:00
   MAE: 0.0103
   R2 : -0.7249
   Modelo salvo em models//xrp_model.joblib
   
   [2025-10-06 13:10:27.896198] Modelo treinado para SOL
   Registros totais usados: 571
   Período: 2025-10-01 00:11:50+00:00 - 2025-10-06 16:09:46+00:00
   MAE: 0.6363
   R2 : -0.4361
   Modelo salvo em models//sol_model.joblib
[2025-10-06 13:10:28] ✅ Train concluído com sucesso.
[2025-10-06 13:10:28] ➡️  Predict: C:\Users\web.atendimento\AppData\Local\Programs\Python\Python313\python.exe C:\Users\web.atendimento\crypto_tech\model\predict.py
